Workbook

Sheet PRISMA
A1: PRISMA 2020 flow with protocol amendment (eligibility criteria IC5-IC10 added 19-20 October 2026)
A2: Counts below are formulas over Eligibility_core; identification and screening counts come from 2026_10_19_Screening_FullText_Retrieval.xlsx (Summary).
A4: IDENTIFICATION
A5: Records identified from 7 databases (Scopus, WoS, PubMed, IEEE Xplore, ACM DL, ERIC, ACL Anthology) | B5: 20130
A6: Duplicate records removed (title + first author) | B6: 7526
A7: SCREENING
A8: Records screened (title/abstract) | B8: 12604
A9: Records excluded | B9: 9718 | C9: rules 1,980; reading 7,738
A10: Reports sought for retrieval | B10: 2886 | C10: core 1,832; adjacent 1,054
A11: Reports not retrieved | B11: 319
A12: Reports assessed for eligibility (full text) | B12: 2567
A13: ELIGIBILITY (amended criteria)
A14: Excluded IC5: adjacent, not a core counselling dialogue system | B14: =B12-B15 -> 925 | C14: adjacent tier retained for context only
A15: Core CDS reports | B15: =COUNTA(Eligibility_core!A:A)-1 -> 1642
A16: Excluded IC6: no own or purpose-built system | B16: =COUNTIF(Eligibility_core!J:J,"N6") -> 198
A17: Excluded IC7: not evaluated with human end users | B17: =COUNTIF(Eligibility_core!J:J,"N7") -> 801
A18: Excluded IC8: no explicit counselling/helping approach | B18: =COUNTIF(Eligibility_core!J:J,"N8") -> 306
A19: Excluded: duplicate records | B19: =COUNTIF(Eligibility_core!J:J,"DUP*") -> 2
A20: Eligible CDS evaluations = Level-1 mapping set (reports) | B20: =COUNTIF(Eligibility_core!L:L,"Yes") -> 335 | C20: used for RQ1 trends and evaluation-approach mapping
A21: Excluded IC9: no intervention-outcome evaluation | B21: =COUNTIF(Eligibility_core!J:J,"N9") -> 142 | C21: kept in Level-1 map
A22: Excluded IC10: outcome evaluation without comparator/control | B22: =COUNTIF(Eligibility_core!J:J,"N10") -> 76 | C22: kept in Level-1 map
A23: INCLUDED
A24: Studies included in Level-2 synthesis | B24: =COUNTIF(Eligibility_core!J:J,"I") -> 115 | C24: RQ2-RQ4
A25: Reports of included studies (incl. linked secondary reports) | B25: =B24+COUNTIF(Eligibility_core!J:J,"LINK*") -> 117
A27: Protocol amendment: eligibility criteria
A28: IC5 Core CDS: a dialogue system whose primary purpose is to help a user explore a personal problem, regulate emotions, understand options or decide on a course of action, informed by counselling or helping practice.
A29: IC6 The study builds, adapts or evaluates a specific, purpose-built CDS (excludes probing off-the-shelf general chatbots, surveys, app-review or social-media analyses, frameworks without a system).
A30: IC7 The system was used by real human end users (excludes offline metrics, simulated users and expert rating of transcripts only).
A31: IC8 The dialogue design explicitly draws on a named counselling or helping approach (e.g., CBT, MI, ACT, DBT, PST, BA, SFBT, person-centred/helping skills, positive psychology, mindfulness, self-compassion, coaching, PFA, supportive-communication theory); generic "empathy" alone does not qualify.
A32: IC9 Intervention-outcome evaluation: participants used the CDS as an intervention and psychological, behavioural or well-being outcomes were measured.
A33: IC10 The outcome evaluation includes a comparator or control (randomised or non-randomised; between- or within-subjects).
A34: Rationale: the 2,567 retrieved reports were too many for in-depth synthesis; IC5-IC8 define the Level-1 mapping set and IC9-IC10 the Level-2 synthesis set. Single screener (AI-assisted); a second screener should code a random 20% in Eligibility_core column N to compute agreement/kappa.

Sheet Eligibility_core
A1: Unique ID | B1: Title | C1: First author | D1: Year | E1: Period | F1: Document type | G1: Source | H1: DOI | I1: PDF file | J1: Eligibility code | K1: Eligibility decision | L1: Level-1 map (IC5-IC8 eligible) | M1: Level-2 synthesis | N1: Second-screener code (to fill) | O1: Agreement
A2: U00006 | B2: Effects of AI-based chatbot coaching on goal attainment, self-efficacy, and stress: A longitudinal randomized experiment | C2: Ohlms | D2: 2027 | E2: 2023-2026 | F2: Journal article | G2: COMPUTERS IN HUMAN BEHAVIOR | H2: 10.1016/j.chb.2026.109184 | I2: U00006_Ohlms_2027.pdf | J2: I | K2: Included (Level-2 synthesis) | L2: Yes | M2: Yes | O2: =IF(N2="","",IF(N2=J2,1,0))
A3: U00025 | B3: "I Will Be Right Here Whenever You Need Me": Designing AI-Mediated Collaborative Support for Adolescent Mental Health in Border Regions | C3: Wei Gong | D3: 2026 | E3: 2023-2026 | F3: Conference paper | G3: Proceedings of the 2026 Companion of the Computer-Supported Cooperative Work and Social Computing | H3: 10.1145/3785651.3836636 | I3: U00025_Gong_2026.pdf | J3: N7 | K3: Excluded IC7: not evaluated with human end users | L3: No | M3: No | O3: =IF(N3="","",IF(N3=J3,1,0))
A4: U00027 | B4: "Is This Really a Human Peer Supporter?": Misalignments Between Peer Supporters and Experts in LLM-Supported Interactions | C4: Sim | D4: 2026 | E4: 2023-2026 | F4: Conference paper | G4: Proceedings of the ACM on Human-Computer Interaction | H4: 10.1145/3816956 | I4: U00027_Sim_2026.pdf | J4: N6 | K4: Excluded IC6: no own or purpose-built dialogue system | L4: No | M4: No | O4: =IF(N4="","",IF(N4=J4,1,0))
A5: U00028 | B5: "Like Having Family Nearby": An LLM-Powered Family-Resembling Avatar for offering Psychological Support and Training Guidance during Stroke Rehabilitation | C5: Xiong | D5: 2026 | E5: 2023-2026 | F5: Conference paper | G5: Conference on Human Factors in Computing Systems - Proceedings | H5: 10.1145/3772363.3798321 | I5: U00028_Xiong_2026.pdf | J5: N8 | K5: Excluded IC8: no explicit counselling/helping approach | L5: No | M5: No | O5: =IF(N5="","",IF(N5=J5,1,0))
A6: U00030 | B6: "This Isn&#x2019;t Living the Dream; I Want Out": Probing Generative AI for Aviation Mental Health Support Through an Exploratory Design Experiment | C6: Ranjitha Naruganahalli Rangaswamy | D6: 2026 | E6: 2023-2026 | F6: Conference paper | G6: Proceedings of the 2026 Companion of the Computer-Supported Cooperative Work and Social Computing | H6: 10.1145/3785651.3831532 | I6: U00030_Rangaswamy_2026.pdf | J6: N6 | K6: Excluded IC6: no own or purpose-built dialogue system | L6: No | M6: No | O6: =IF(N6="","",IF(N6=J6,1,0))
A7: U00032 | B7: "What Can I Control?": Designing an Attribution Reframing Chatbot for Early-Career Employees' Workplace Stress Management | C7: Lee | D7: 2026 | E7: 2023-2026 | F7: Conference paper | G7: Conference on Human Factors in Computing Systems - Proceedings | H7: 10.1145/3772363.3798873 | I7: U00032_Lee_2026.pdf | J7: N9 | K7: Excluded IC9: no intervention-outcome evaluation (Level-1 map only) | L7: Yes | M7: No | O7: =IF(N7="","",IF(N7=J7,1,0))
A8: U00035 | B8: "words are not enough": Examining Emotional Support by Conversational AI for Caregivers | C8: Vafafar | D8: 2026 | E8: 2023-2026 | F8: Conference paper | G8: Conference on Human Factors in Computing Systems - Proceedings | H8: 10.1145/3772318.3790647 | I8: U00035_Vafafar_2026.pdf | J8: N6 | K8: Excluded IC6: no own or purpose-built dialogue system | L8: No | M8: No | O8: =IF(N8="","",IF(N8=J8,1,0))
A9: U00037 | B9: ''It Hasn&#x2019;t Lived in Our Society&#x201d;: Investigating Cultural Sensitivity in LLM Chatbots for Emotional Support | C9: Sarah Aldaweesh | D9: 2026 | E9: 2023-2026 | F9: Conference paper | G9: Proceedings of the 2026 CHI Conference on Human Factors in Computing Systems | H9: 10.1145/3772318.3791060 | I9: U00037_Aldaweesh_2026.pdf | J9: N8 | K9: Excluded IC8: no explicit counselling/helping approach | L9: No | M9: No | O9: =IF(N9="","",IF(N9=J9,1,0))
A10: U00038 | B10: ''It Hasn't Lived in Our Society": Investigating Cultural Sensitivity in LLM Chatbots for Emotional Support | C10: Aldaweesh | D10: 2026 | E10: 2023-2026 | F10: Conference paper | G10: Conference on Human Factors in Computing Systems - Proceedings | H10: 10.1145/3772318.3791060 | I10: U00038_Aldaweesh_2026.pdf | J10: N8 | K10: Excluded IC8: no explicit counselling/helping approach | L10: No | M10: No | O10: =IF(N10="","",IF(N10=J10,1,0))
A11: U00056 | B11: A C-SSRS-Based Risk-Aware Evaluation Framework for Self-Harm Safety in LLMs | C11: Zhang | D11: 2026 | E11: 2023-2026 | F11: Conference paper | G11: Proceedings - 2026 IEEE International Conference on Artificial Intelligence Testing, AITest 2026 | H11: 10.1109/aitest70988.2026.00035 | I11: U00056_Zhang_2026.pdf | J11: N6 | K11: Excluded IC6: no own or purpose-built dialogue system | L11: No | M11: No | O11: =IF(N11="","",IF(N11=J11,1,0))
A12: U00061 | B12: A Chatbot for the Management of Bipolar Disorder: Using Retrieval-Augmented Generation With an Open-Weight Large Language Model to Answer Clinical Questions Based on the CANMAT and ISBD 2018 Guidelines for Bipolar Disorder | C12: Mali | D12: 2026 | E12: 2023-2026 | F12: Journal article | G12: CANADIAN JOURNAL OF PSYCHIATRY-REVUE CANADIENNE DE PSYCHIATRIE | H12: 10.1177/07067437261457232 | I12: U00061_Mali_2026.pdf | J12: N7 | K12: Excluded IC7: not evaluated with human end users | L12: No | M12: No | O12: =IF(N12="","",IF(N12=J12,1,0))
A13: U00062 | B13: A Chatbot for the Management of Bipolar Disorder: Using Retrieval-Augmented Generation With an Open-Weight Large Language Model to Answer Clinical Questions Based on the CANMAT and ISBD 2018 Guidelines for Bipolar Disorder: Un dialogueur pour la prise en charge du trouble bipolaire : utiliser la génération augmentée par récupération avec un grand modèle de langage (GML) à poids ouverts pour répondre aux questions cliniques fondées sur les lignes directrices de 2018 de CANMAT et de l'ISBD relatives au trouble bipolaire | C13: Mali | D13: 2026 | E13: 2023-2026 | F13: Journal article | G13: Canadian Journal of Psychiatry | H13: 10.1177/07067437261457232 | I13: U00062_Mali_2026.pdf | J13: N7 | K13: Excluded IC7: not evaluated with human end users | L13: No | M13: No | O13: =IF(N13="","",IF(N13=J13,1,0))
... A608: U05554 | B608: Attitudes towards AI counseling: the existence of perceptual fear in affecting perceived chatbot support quality | C608: Keung | D608: 2025 | E608: 2023-2026 | F608: Journal article | G608: Frontiers in Psychology | H608: 10.3389/fpsyg.2025.1538387 | I608: U05554_Keung_2025.pdf | J608: N8 | K608: Excluded IC8: no explicit counselling/helping approach | L608: No | M608: No | O608: =IF(N608="","",IF(N608=J608,1,0))
A609: U05585 | B609: Balancing Knowledge Delivery and Emotional Comfort in Healthcare Conversational Systems | C609: Tsai | D609: 2025 | E609: 2023-2026 | F609: Conference paper | G609: Proceedings of the 15th International Workshop on Spoken Dialogue Systems Technology | I609: U05585_Tsai_2025.pdf | J609: N7 | K609: Excluded IC7: not evaluated with human end users | L609: No | M609: No | O609: =IF(N609="","",IF(N609=J609,1,0))
A610: U05600 | B610: Behavior Emotion Therapy System and You: Co-Design and Evaluation of a Mental Health Chatbot and Digital Human for Mild to Moderate Anxiety in Healthy Participants | C610: Thunström | D610: 2025 | E610: 2023-2026 | F610: Journal article | G610: JMIR Formative Research | H610: 10.2196/66163 | I610: U05600_Thunstrom_2025.pdf | J610: N9 | K610: Excluded IC9: no intervention-outcome evaluation (Level-1 map only) | L610: Yes | M610: No | O610: =IF(N610="","",IF(N610=J610,1,0))
A611: U05606 | B611: Benchmarking AI in Mental Health: A Critical Examination of LLMs Across Key Performance and Ethical Metrics | C611: Yuan | D611: 2025 | E611: 2023-2026 | F611: Conference paper | G611: Lecture Notes in Computer Science (including subseries Lecture Notes in Artificial Intelligence and Lecture Notes in Bioinformatics) | H611: 10.1007/978-3-031-78104-9_24 | I611: U05606_Yuan_2025.pdf | J611: N7 | K611: Excluded IC7: not evaluated with human end users | L611: No | M611: No | O611: =IF(N611="","",IF(N611=J611,1,0))
A612: U05611 | B612: BetterMood: A human-like AI counseling service for adolescents and young adults | C612: Kim | D612: 2025 | E612: 2023-2026 | F612: Journal article | G612: Digital Health | H612: 10.1177/20552076251392294 | I612: U05611_Kim_2025.pdf | J612: N8 | K612: Excluded IC8: no explicit counselling/helping approach | L612: No | M612: No | O612: =IF(N612="","",IF(N612=J612,1,0))
A613: U05624 | B613: Beyond the Dialogue: Multi-chatbot Group Motivational Interviewing for Premenstrual Syndrome (PMS) Management | C613: Geng | D613: 2025 | E613: 2023-2026 | F613: Conference paper | G613: Conference on Human Factors in Computing Systems - Proceedings | H613: 10.1145/3706598.3713918 | I613: U05624_Geng_2025.pdf | J613: I | K613: Included (Level-2 synthesis) | L613: Yes | M613: Yes | O613: =IF(N613="","",IF(N613=J613,1,0))
A614: U05629 | B614: Beyond Words: Gaze-Enhanced LLM-based Dialogue System for Therapeutic Purposes | C614: Gabor-Siatkowska | D614: 2025 | E614: 2023-2026 | F614: Conference paper | G614: International Conference on Systems, Signals, and Image Processing | H614: 10.1109/iwssip66997.2025.11151860 | I614: U05629_Gabor-Siatkowska_2025.pdf | J614: N7 | K614: Excluded IC7: not evaluated with human end users | L614: No | M614: No | O614: =IF(N614="","",IF(N614=J614,1,0))
A615: U05643 | B615: Breaking Language Barriers in Mental Health: A Multilingual Chatbot for Global Support | C615: Benita | D615: 2025 | E615: 2023-2026 | F615: Conference paper | G615: International Conference on Computational Robotics, Testing and Engineering Evaluation, ICCRTEE 2025 | H615: 10.1109/iccrtee64519.2025.11052936 | I615: U05643_Benita_2025.pdf | J615: N7 | K615: Excluded IC7: not evaluated with human end users | L615: No | M615: No | O615: =IF(N615="","",IF(N615=J615,1,0))
A616: U05653 | B616: Bridging Gender Disparities in Mental Health: A Bilingual Large Language Model for Multilingual Therapeutic Chatbots | C616: Elboardy | D616: 2025 | E616: 2023-2026 | F616: Conference paper | G616: 22nd International Learning and Technology Conference: Human-Machine Dynamics Fueling a Sustainable Future, L and T 2025 | H616: 10.1109/lt64002.2025.10941308 | I616: U05653_Elboardy_2025.pdf | J616: N7 | K616: Excluded IC7: not evaluated with human end users | L616: No | M616: No | O616: =IF(N616="","",IF(N616=J616,1,0))
A617: U05663 | B617: Building a Digital Psychologist: An AI-Based Approach to Mental Health Support Using NLP and Therapeutic Models | C617: Sumitha | D617: 2025 | E617: 2023-2026 | F617: Conference paper | G617: 2nd International Conference on Research Methodologies in Knowledge Management, Artificial Intelligence and Telecommunication Engineering, RMKMATE 2025 | H617: 10.1109/rmkmate64874.2025.11042414 | I617: U05663_Sumitha_2025.pdf | J617: N7 | K617: Excluded IC7: not evaluated with human end users | L617: No | M617: No | O617: =IF(N617="","",IF(N617=J617,1,0))
A618: U05664 | B618: Building a Digital Psychologist: An AI-Based Approach to Mental Health Support Using NLP And Therapeutic Models | C618: S. T | D618: 2025 | E618: 2023-2026 | F618: Conference paper | G618: 2025 2nd International Conference on Research Methodologies in Knowledge Management, Artificial Intelligence and Telecommunication Engineering (RMKMATE) | H618: 10.1109/rmkmate64874.2025.11042414 | I618: U05664_T_2025.pdf | J618: N7 | K618: Excluded IC7: not evaluated with human end users | L618: No | M618: No | O618: =IF(N618="","",IF(N618=J618,1,0))
A619: U05667 | B619: Building and Beta-Testing Be Well Buddy Chatbot, a Secure, Credible and Trustworthy AI Chatbot That Will Not Misinform, Hallucinate or Stigmatize Substance Use Disorder: Development and Usability Study | C619: Salyers AJ | D619: 2025 | E619: 2023-2026 | F619: Journal article | G619: JMIR Hum Factors | H619: 10.2196/69144 | I619: U05667_Salyers-AJ_2025.pdf | J619: N8 | K619: Excluded IC8: no explicit counselling/helping approach | L619: No | M619: No | O619: =IF(N619="","",IF(N619=J619,1,0))
A620: U05669 | B620: CACKS: Context-Adaptive Commonsense Knowledge Selection for Empathetic Dialogue Generation | C620: Y. Wang | D620: 2025 | E620: 2023-2026 | F620: Conference paper | G620: 2025 44th Chinese Control Conference (CCC) | H620: 10.23919/ccc64809.2025.11178883 | I620: U05938_Tripathi_2025.pdf | J620: N7 | K620: Excluded IC7: not evaluated with human end users | L620: No | M620: No | O620: =IF(N620="","",IF(N620=J620,1,0))
A621: U05672 | B621: Calm Companion - An Enhanced Chatbot For Mental Health Support | C621: Verma | D621: 2025 | E621: 2023-2026 | F621: Conference paper | G621: Proceedings - 2025 5th International Conference on Expert Clouds and Applications, ICOECA 2025 | H621: 10.1109/icoeca66273.2025.00046 | I621: U05672_Verma_2025.pdf | J621: N7 | K621: Excluded IC7: not evaluated with human end users | L621: No | M621: No | O621: =IF(N621="","",IF(N621=J621,1,0))
... A749: U06391 | B749: Enhancing Emotional Support Conversation with Cognitive Chain-of-Thought Reasoning | C749: Cao | D749: 2025 | E749: 2023-2026 | F749: Conference paper | G749: Lecture Notes in Computer Science (including subseries Lecture Notes in Artificial Intelligence and Lecture Notes in Bioinformatics) | H749: 10.1007/978-981-97-9431-7_14 | I749: U06391_Cao_2025.pdf | J749: N7 | K749: Excluded IC7: not evaluated with human end users | L749: No | M749: No | O749: =IF(N749="","",IF(N749=J749,1,0))
A750: U06392 | B750: Enhancing Emotional Support Conversations: A Framework for Dynamic Knowledge Filtering and Persona Extraction | C750: Hao | D750: 2025 | E750: 2023-2026 | F750: Conference paper | G750: Proceedings - International Conference on Computational Linguistics, COLING | I750: U06392_Hao_2025.pdf | J750: N7 | K750: Excluded IC7: not evaluated with human end users | L750: No | M750: No | O750: =IF(N750="","",IF(N750=J750,1,0))
A751: U06406 | B751: Enhancing Mental Health Support Through Human-AI Collaboration: Toward Secure and Empathetic AI-Enabled Chatbots | C751: Almakinah | D751: 2025 | E751: 2023-2026 | F751: Conference paper | G751: Proceedings - 2025 IEEE Conference on Artificial Intelligence, CAI 2025 | H751: 10.1109/cai64502.2025.00038 | I751: U06406_Almakinah_2025.pdf | J751: N7 | K751: Excluded IC7: not evaluated with human end users | L751: No | M751: No | O751: =IF(N751="","",IF(N751=J751,1,0))
A752: U06407 | B752: Enhancing Mental Health Support: An LLM-Based Prompt Engineering Method | C752: Kaysar | D752: 2025 | E752: 2023-2026 | F752: Conference paper | G752: Lecture Notes in Networks and Systems | H752: 10.1007/978-981-97-9327-3_39 | I752: U06407_Kaysar_2025.pdf | J752: N8 | K752: Excluded IC8: no explicit counselling/helping approach | L752: No | M752: No | O752: =IF(N752="","",IF(N752=J752,1,0))
A753: U06409 | B753: Enhancing Mental Wellbeing Among College Students Using Autogen | C753: Reddy | D753: 2025 | E753: 2023-2026 | F753: Conference paper | G753: 2025 IEEE International Students' Conference on Electrical, Electronics and Computer Science, SCEECS 2025 | H753: 10.1109/sceecs64059.2025.10940967 | I753: U06409_Reddy_2025.pdf | J753: N7 | K753: Excluded IC7: not evaluated with human end users | L753: No | M753: No | O753: =IF(N753="","",IF(N753=J753,1,0))
A754: U06419 | B754: Enhancing physical activity through a relational artificial intelligence chatbot: A feasibility and usability study | C754: Oh | D754: 2025 | E754: 2023-2026 | F754: Journal article | G754: DIGITAL HEALTH | H754: 10.1177/20552076251324445 | I754: U06419_Oh_2025.pdf | J754: N8 | K754: Excluded IC8: no explicit counselling/helping approach | L754: No | M754: No | O754: =IF(N754="","",IF(N754=J754,1,0))
A755: U06442 | B755: ESC-Judge: A Framework for Comparing Emotional Support Conversational Agents | C755: Madani | D755: 2025 | E755: 2023-2026 | F755: Conference paper | G755: EMNLP 2025 - 2025 Conference on Empirical Methods in Natural Language Processing, Proceedings of the Conference | H755: 10.18653/v1/2025.emnlp-main.811 | I755: U06442_Madani_2025.pdf | J755: N7 | K755: Excluded IC7: not evaluated with human end users | L755: No | M755: No | O755: =IF(N755="","",IF(N755=J755,1,0))
A756: U06454 | B756: Ethically-Constrained Mental Health Chatbot for University Students: A Context-Aware NLP System using LLMs | C756: Syakurah | D756: 2025 | E756: 2023-2026 | F756: Conference paper | G756: EECSI 2025 - Proceedings 2025 12th International Conference on Electrical Engineering, Computer Science and Informatics | H756: 10.1109/eecsi67060.2025.11290231 | I756: U06454_Syakurah_2025.pdf | J756: N7 | K756: Excluded IC7: not evaluated with human end users | L756: No | M756: No | O756: =IF(N756="","",IF(N756=J756,1,0))
A757: U06466 | B757: Evaluating for Evidence of Sociodemographic Bias in Conversational AI for Mental Health Support | C757: Yeo | D757: 2025 | E757: 2023-2026 | F757: Journal article | G757: Cyberpsychology, Behavior, and Social Networking | H757: 10.1089/cyber.2024.0199 | I757: U06466_Yeo_2025.pdf | J757: N7 | K757: Excluded IC7: not evaluated with human end users | L757: No | M757: No | O757: =IF(N757="","",IF(N757=J757,1,0))
A758: U06468 | B758: Evaluating Generative AI Psychotherapy Chatbots Used by Youth: Cross-Sectional Study | C758: Sobowale | D758: 2025 | E758: 2023-2026 | F758: Journal article | G758: JMIR Mental Health | H758: 10.2196/79838 | I758: U06468_Sobowale_2025.pdf | J758: N6 | K758: Excluded IC6: no own or purpose-built dialogue system | L758: No | M758: No | O758: =IF(N758="","",IF(N758=J758,1,0))
A759: U06475 | B759: Evaluating Large Language Models for Enhancing Live Chat Therapy: A Comparative Study with Psychotherapists | C759: Deshpande | D759: 2025 | E759: 2023-2026 | F759: Conference paper | G759: Proceedings of the 26th Annual Meeting of the Special Interest Group on Discourse and Dialogue | H759: 10.18653/v1/2025.sigdial-1.59 | I759: U06475_Deshpande_2025.pdf | J759: N7 | K759: Excluded IC7: not evaluated with human end users | L759: No | M759: No | O759: =IF(N759="","",IF(N759=J759,1,0))
A760: U06491 | B760: Evaluating the Cultural Sensitivity of Large Language Models in Mental Health Support: A Framework Inspired by Ubuntu Values | C760: Forane | D760: 2025 | E760: 2023-2026 | F760: Conference paper | G760: Lecture Notes in Computer Science | H760: 10.1007/978-3-031-81821-9_18 | I760: U06491_Forane_2025.pdf | J760: N7 | K760: Excluded IC7: not evaluated with human end users | L760: No | M760: No | O760: =IF(N760="","",IF(N760=J760,1,0))
A761: U06492 | B761: EVALUATING THE EFFICACY OF CHATGPT IN PROVIDING EMOTIONAL SUPPORT: A COMPARATIVE STUDY OF AI AND HUMAN COUNSELING ON STUDENT MENTAL HEALTH OUTCOMES | C761: Atiyah | D761: 2025 | E761: 2023-2026 | F761: Conference paper | G761: Proceedings on Engineering Sciences | H761: 10.24874/pes07.04.008 | I761: 8 (2).pdf | J761: N6 | K761: Excluded IC6: no own or purpose-built dialogue system | L761: No | M761: No | O761: =IF(N761="","",IF(N761=J761,1,0))
A762: U06502 | B762: Evaluating the Quality of Psychotherapy Conversational Agents: Framework Development and Cross-Sectional Study | C762: Sobowale | D762: 2025 | E762: 2023-2026 | F762: Journal article | G762: JMIR Formative Research | H762: 10.2196/65605 | I762: U06502_Sobowale_2025.pdf | J762: N6 | K762: Excluded IC6: no own or purpose-built dialogue system | L762: No | M762: No | O762: =IF(N762="","",IF(N762=J762,1,0))
... A819: U07069 | B819: Integrating Psychology into Supportive Chatbots for Mental Health Using NLP | C819: T. S. K | D819: 2025 | E819: 2023-2026 | F819: Conference paper | G819: 2025 International Conference on Inventive Computation Technologies (ICICT) | H819: 10.1109/icict64420.2025.11005090 | I819: U07069_K_2025.pdf | J819: N7 | K819: Excluded IC7: not evaluated with human end users | L819: No | M819: No | O819: =IF(N819="","",IF(N819=J819,1,0))
A820: U07072 | B820: Integrating Visual Modalities with Large Language Models for Mental Health Support | C820: Zhu | D820: 2025 | E820: 2023-2026 | F820: Conference paper | G820: Proceedings - International Conference on Computational Linguistics, COLING | I820: U07072_Zhu_2025.pdf | J820: N7 | K820: Excluded IC7: not evaluated with human end users | L820: No | M820: No | O820: =IF(N820="","",IF(N820=J820,1,0))
A821: U07074 | B821: Integrative diagnosis of psychiatric conditions using ChatGPT and fMRI data | C821: Li | D821: 2025 | E821: 2023-2026 | F821: Journal article | G821: BMC Psychiatry | H821: 10.1186/s12888-025-06586-w | I821: U07074_Li_2025.pdf | J821: N8 | K821: Excluded IC8: no explicit counselling/helping approach | L821: No | M821: No | O821: =IF(N821="","",IF(N821=J821,1,0))
A822: U07084 | B822: IntentionESC: An Intention-Centered Framework for Enhancing Emotional Support in Dialogue Systems | C822: Zhang | D822: 2025 | E822: 2023-2026 | F822: Conference paper | G822: Proceedings of the Annual Meeting of the Association for Computational Linguistics | H822: 10.18653/v1/2025.findings-acl.1358 | I822: U07084_Zhang_2025.pdf | J822: N7 | K822: Excluded IC7: not evaluated with human end users | L822: No | M822: No | O822: =IF(N822="","",IF(N822=J822,1,0))
A823: U07093 | B823: Introducing CounseLLMe: A dataset of simulated mental health dialogues for comparing LLMs like Haiku, LLaMAntino and ChatGPT against humans | C823: De Duro | D823: 2025 | E823: 2023-2026 | F823: Journal article | G823: Emerging Trends in Drugs, Addictions, and Health | H823: 10.1016/j.etdah.2025.100170 | I823: U07093_De-Duro_2025.pdf | J823: N7 | K823: Excluded IC7: not evaluated with human end users | L823: No | M823: No | O823: =IF(N823="","",IF(N823=J823,1,0))
A824: U07109 | B824: Investigating the interpretability of ChatGPT in mental health counseling: An analysis of artificial intelligence generated content differentiation | C824: Liu | D824: 2025 | E824: 2023-2026 | F824: Journal article | G824: Computer Methods and Programs in Biomedicine | H824: 10.1016/j.cmpb.2025.108864 | I824: U07109_Liu_2025.pdf | J824: N6 | K824: Excluded IC6: no own or purpose-built dialogue system | L824: No | M824: No | O824: =IF(N824="","",IF(N824=J824,1,0))
A825: U07111 | B825: Investigating the Persuasive Potential of Communicating With Generative Artificial Intelligence Chatbots for Mental Health: The Roles of Perceived Message Contingency, Cognitive Elaboration, and Issue Involvement | C825: Kim | D825: 2025 | E825: 2023-2026 | F825: Journal article | G825: Human-Machine Communication | H825: 10.30658/hmc.11.7 | I825: U07111_Kim_2025.pdf | J825: N8 | K825: Excluded IC8: no explicit counselling/helping approach | L825: No | M825: No | O825: =IF(N825="","",IF(N825=J825,1,0))
A826: U07115 | B826: iPET: An Interactive Emotional Companion Dialogue System with LLM-Powered Virtual Pet World Simulation | C826: Xie | D826: 2025 | E826: 2023-2026 | F826: Conference paper | G826: Proceedings of the Annual Meeting of the Association for Computational Linguistics | H826: 10.18653/v1/2025.acl-demo.40 | I826: U07115_Xie_2025.pdf | J826: N8 | K826: Excluded IC8: no explicit counselling/helping approach | L826: No | M826: No | O826: =IF(N826="","",IF(N826=J826,1,0))
A827: U07135 | B827: KMI: A Dataset of Korean Motivational Interviewing Dialogues for Psychotherapy | C827: Kim | D827: 2025 | E827: 2023-2026 | F827: Conference paper | G827: Proceedings of the 2025 Annual Conference of the Nations of the Americas Chapter of the Association for Computational Linguistics: Human Language Technologies: Long Papers, NAACL-HLT 2025 | H827: 10.18653/v1/2025.naacl-long.541 | I827: U07135_Kim_2025.pdf | J827: N7 | K827: Excluded IC7: not evaluated with human end users | L827: No | M827: No | O827: =IF(N827="","",IF(N827=J827,1,0))
A828: U07141 | B828: Knowledge-Grounded Dialogue Models for Supporting Patient Counseling During Chronic Disease Management | C828: Chinnayan | D828: 2025 | E828: 2023-2026 | F828: Conference paper | G828: Proceedings of the International Conference on Electrical Engineering and Informatics | H828: 10.1109/iceei68459.2025.11331139 | I828: U07141_Chinnayan_2025.pdf | J828: N7 | K828: Excluded IC7: not evaluated with human end users | L828: No | M828: No | O828: =IF(N828="","",IF(N828=J828,1,0))
A829: U07142 | B829: Knowledge-Grounded Dialogue Models for Supporting Patient Counseling During Chronic Disease Management | C829: C. R V | D829: 2025 | E829: 2023-2026 | F829: Conference paper | G829: 2025 International Conference on Electrical Engineering and Informatics (ICEEI) | H829: 10.1109/iceei68459.2025.11331139 | I829: U07142_V_2025.pdf | J829: N7 | K829: Excluded IC7: not evaluated with human end users | L829: No | M829: No | O829: =IF(N829="","",IF(N829=J829,1,0))
A830: U07145 | B830: KokoroChat: A Japanese Psychological Counseling Dialogue Dataset Collected via Role-Playing by Trained Counselors | C830: Qi | D830: 2025 | E830: 2023-2026 | F830: Conference paper | G830: Proceedings of the Annual Meeting of the Association for Computational Linguistics | H830: 10.18653/v1/2025.acl-long.608 | I830: U07145_Qi_2025.pdf | J830: N7 | K830: Excluded IC7: not evaluated with human end users | L830: No | M830: No | O830: =IF(N830="","",IF(N830=J830,1,0))
A831: U07154 | B831: Large Language Model Agents for Improving Engagement with Behavior Change Interventions: Application to Digital Mindfulness | C831: Kumar | D831: 2025 | E831: 2023-2026 | F831: Conference paper | G831: PROCEEDINGS OF THE ACM ON HUMAN COMPUTER INTERACTION | H831: 10.1145/3757619 | I831: U07154_Kumar_2025.pdf | J831: N9 | K831: Excluded IC9: no intervention-outcome evaluation (Level-1 map only) | L831: Yes | M831: No | O831: =IF(N831="","",IF(N831=J831,1,0))
A832: U07168 | B832: Large language models and retrieval-augmented generation-based chatbot for adolescent mental health | C832: Riansyah | D832: 2025 | E832: 2023-2026 | F832: Journal article | G832: International Journal of Advances in Applied Sciences | H832: 10.11591/ijaas.v14.i3.pp849-858 | I832: U07168_Riansyah_2025.pdf | J832: N7 | K832: Excluded IC7: not evaluated with human end users | L832: No | M832: No | O832: =IF(N832="","",IF(N832=J832,1,0))
... A861: U07384 | B861: MindMate: A Mental Health Support Chatbot with LLM Integration and Emotion Detection | C861: Chalwadi | D861: 2025 | E861: 2023-2026 | F861: Conference paper | G861: 2025 IEEE Guwahati Subsection Conference, GCON 2025 | H861: 10.1109/gcon65540.2025.11173385 | I861: U07384_Chalwadi_2025.pdf | J861: N7 | K861: Excluded IC7: not evaluated with human end users | L861: No | M861: No | O861: =IF(N861="","",IF(N861=J861,1,0))
A862: U07385 | B862: MindMate: AI-Powered Multilingual Mental Health Chatbot with Personalized Voice and Text Support using Rasa and Streamlit | C862: Giritharan | D862: 2025 | E862: 2023-2026 | F862: Conference paper | G862: 16th International Conference on Advances in Computing, Control, and Telecommunication Technologies, ACT 2025 | I862: U07385_Giritharan_2025.pdf | J862: N7 | K862: Excluded IC7: not evaluated with human end users | L862: No | M862: No | O862: =IF(N862="","",IF(N862=J862,1,0))
A863: U07386 | B863: MindMate: AI-Powered Multilingual Mental Health Chatbot with Personalized Voice and Text Support with Rasa and Streamlit | C863: Dharshini | D863: 2025 | E863: 2023-2026 | F863: Conference paper | G863: Proceedings of the International Conference on Intelligent Computing and Control Systems, ICICCS 2025 | H863: 10.1109/iciccs65191.2025.10985281 | I863: U07386_Dharshini_2025.pdf | J863: N7 | K863: Excluded IC7: not evaluated with human end users | L863: No | M863: No | O863: =IF(N863="","",IF(N863=J863,1,0))
A864: U07387 | B864: MindMate: AI-Powered Multilingual Mental Health Chatbot with Personalized Voice and Text Support with Rasa and Streamlit | C864: D. S | D864: 2025 | E864: 2023-2026 | F864: Conference paper | G864: 2025 International Conference on Intelligent Computing and Control Systems (ICICCS) | H864: 10.1109/iciccs65191.2025.10985281 | I864: U07387_S_2025.pdf | J864: N7 | K864: Excluded IC7: not evaluated with human end users | L864: No | M864: No | O864: =IF(N864="","",IF(N864=J864,1,0))
A865: U07389 | B865: MindMate: An LLM-Powered Mental Health Companion for Adolescents | C865: Chen | D865: 2025 | E865: 2023-2026 | F865: Conference paper | G865: Communications in Computer and Information Science | H865: 10.1007/978-3-031-99261-2_8 | I865: U07389_Chen_2025.pdf | J865: N7 | K865: Excluded IC7: not evaluated with human end users | L865: No | M865: No | O865: =IF(N865="","",IF(N865=J865,1,0))
A866: U07394 | B866: MindWell AI Assistant: A Privacy-First Intelligent Mental Health Support System | C866: Das | D866: 2025 | E866: 2023-2026 | F866: Conference paper | G866: IC-DECON 2025 - 2025 International Conference on Data, Energy and Communication Network, Proceedings | H866: 10.1109/decon67170.2025.11448081 | I866: U07394_Das_2025.pdf | J866: N7 | K866: Excluded IC7: not evaluated with human end users | L866: No | M866: No | O866: =IF(N866="","",IF(N866=J866,1,0))
A867: U07395 | B867: MindWell: A Conversational Agent for Professional Depression Screening on Social Media | C867: Bao | D867: 2025 | E867: 2023-2026 | F867: Conference paper | G867: Lecture Notes in Computer Science | H867: 10.1007/978-3-031-88720-8_9 | I867: U07395_Bao_2025.pdf | J867: N8 | K867: Excluded IC8: no explicit counselling/helping approach | L867: No | M867: No | O867: =IF(N867="","",IF(N867=J867,1,0))
A868: U07400 | B868: MIRROR: Multimodal Cognitive Reframing Therapy for Rolling with Resistance | C868: Kim | D868: 2025 | E868: 2023-2026 | F868: Conference paper | G868: EMNLP 2025 - 2025 Conference on Empirical Methods in Natural Language Processing, Proceedings of the Conference | H868: 10.18653/v1/2025.emnlp-main.751 | I868: U07400_Kim_2025.pdf | J868: N7 | K868: Excluded IC7: not evaluated with human end users | L868: No | M868: No | O868: =IF(N868="","",IF(N868=J868,1,0))
A869: U07408 | B869: Mobile Virtual Assistant for Multi-Modal Depression-Level Stratification | C869: Wu | D869: 2025 | E869: 2023-2026 | F869: Journal article | G869: IEEE Transactions on Affective Computing | H869: 10.1109/taffc.2024.3451114 | I869: U07408_Wu_2025.pdf | J869: N8 | K869: Excluded IC8: no explicit counselling/helping approach | L869: No | M869: No | O869: =IF(N869="","",IF(N869=J869,1,0))
A870: U07419 | B870: Moodulator: An Integrated IoT and Chatbot Solution for Stress Management | C870: Rajesh | D870: 2025 | E870: 2023-2026 | F870: Conference paper | G870: 3rd International Conference on Networks and Advances in Computational Technologies, NetACT 2025 | H870: 10.1109/netact65906.2025.11188315 | I870: U07419_Rajesh_2025.pdf | J870: N7 | K870: Excluded IC7: not evaluated with human end users | L870: No | M870: No | O870: =IF(N870="","",IF(N870=J870,1,0))
A871: U07442 | B871: Multi-Tiered RAG-Based Chatbot for Mental Health Support | C871: Siddique | D871: 2025 | E871: 2023-2026 | F871: Conference paper | G871: Proceedings - 2025 8th International Women in Data Science Conference at Prince Sultan University, WiDS-PSU 2025 | H871: 10.1109/wids-psu64963.2025.00041 | I871: U07442_Siddique_2025.pdf | J871: N7 | K871: Excluded IC7: not evaluated with human end users | L871: No | M871: No | O871: =IF(N871="","",IF(N871=J871,1,0))
A872: U07443 | B872: MultiAgentESC: A LLM-based Multi-Agent Collaboration Framework for Emotional Support Conversation | C872: Xu | D872: 2025 | E872: 2023-2026 | F872: Conference paper | G872: EMNLP 2025 - 2025 Conference on Empirical Methods in Natural Language Processing, Proceedings of the Conference | H872: 10.18653/v1/2025.emnlp-main.232 | I872: U07443_Xu_2025.pdf | J872: N7 | K872: Excluded IC7: not evaluated with human end users | L872: No | M872: No | O872: =IF(N872="","",IF(N872=J872,1,0))
A873: U07445 | B873: Multilingual Conversational AI Chatbot for Mental Health: A Scalable Solution for Personalized and Empathetic Support | C873: Das | D873: 2025 | E873: 2023-2026 | F873: Conference paper | G873: Proceedings - 2025 IEEE 1st International Conference on Smart Innovations in Systems, Infrastructure, Mechanical, Power, AI and Computing Technologies, SISIMPACT 2025 | H873: 10.1109/sisimpact67725.2025.11439852 | I873: U07445_Das_2025.pdf | J873: N7 | K873: Excluded IC7: not evaluated with human end users | L873: No | M873: No | O873: =IF(N873="","",IF(N873=J873,1,0))
A874: U07451 | B874: Multimodal Cognitive Reframing Therapy via Multi-hop Psychotherapeutic Reasoning | C874: Kim | D874: 2025 | E874: 2023-2026 | F874: Conference paper | G874: Proceedings of the 2025 Annual Conference of the Nations of the Americas Chapter of the Association for Computational Linguistics: Human Language Technologies: Long Papers, NAACL-HLT 2025 | H874: 10.18653/v1/2025.naacl-long.250 | I874: U07451_Kim_2025.pdf | J874: N7 | K874: Excluded IC7: not evaluated with human end users | L874: No | M874: No | O874: =IF(N874="","",IF(N874=J874,1,0))
... A908: U07717 | B908: Psychological First Aid by AI: Proof-of-Concept and Comparative Performance of ChatGPT-4 and Gemini in Different Disaster Scenarios | C908: Tan | D908: 2025 | E908: 2023-2026 | F908: Journal article | G908: Journal of Clinical Psychology | H908: 10.1002/jclp.23808 | I908: U07717_Tan_2025.pdf | J908: N6 | K908: Excluded IC6: no own or purpose-built dialogue system | L908: No | M908: No | O908: =IF(N908="","",IF(N908=J908,1,0))
A909: U07719 | B909: Psychological Health Chatbot, Detecting and Assisting Patients in their Path to Recovery | C909: Jafari | D909: 2025 | E909: 2023-2026 | F909: Conference paper | G909: Proceedings - International Conference on Computational Linguistics, COLING | I909: U07719_Jafari_2025.pdf | J909: N7 | K909: Excluded IC7: not evaluated with human end users | L909: No | M909: No | O909: =IF(N909="","",IF(N909=J909,1,0))
A910: U07722 | B910: Psychology student and mental health practitioner experiences of and perspectives on Client101, a virtual client chatbot training tool | C910: Schmidt | D910: 2025 | E910: 2023-2026 | F910: Journal article | G910: BMC Medical Education | H910: 10.1186/s12909-025-07668-9 | I910: U07722_Schmidt_2025.pdf | J910: N6 | K910: Excluded IC6: no own or purpose-built dialogue system | L910: No | M910: No | O910: =IF(N910="","",IF(N910=J910,1,0))
A911: U07725 | B911: PsyDial: A Large-scale Long-term Conversational Dataset for Mental Health Support | C911: Qiu | D911: 2025 | E911: 2023-2026 | F911: Conference paper | G911: Proceedings of the Annual Meeting of the Association for Computational Linguistics | H911: 10.18653/v1/2025.acl-long.1049 | I911: U07725_Qiu_2025.pdf | J911: N7 | K911: Excluded IC7: not evaluated with human end users | L911: No | M911: No | O911: =IF(N911="","",IF(N911=J911,1,0))
A912: U07726 | B912: PsyDT: Using LLMs to Construct the Digital Twin of Psychological Counselor with Personalized Counseling Style for Psychological Counseling | C912: Xie | D912: 2025 | E912: 2023-2026 | F912: Conference paper | G912: Proceedings of the Annual Meeting of the Association for Computational Linguistics | H912: 10.18653/v1/2025.acl-long.55 | I912: U07726_Xie_2025.pdf | J912: N7 | K912: Excluded IC7: not evaluated with human end users | L912: No | M912: No | O912: =IF(N912="","",IF(N912=J912,1,0))
A913: U07746 | B913: RAG-Based Chatbot System for Mental Health Severity Detection | C913: Jarange | D913: 2025 | E913: 2023-2026 | F913: Conference paper | G913: 2025 9th International Conference on Computing, Communication, Control and Automation, ICCCBEA 2025 | H913: 10.1109/iccubea65967.2025.11284217 | I913: U07746_Jarange_2025.pdf | J913: N7 | K913: Excluded IC7: not evaluated with human end users | L913: No | M913: No | O913: =IF(N913="","",IF(N913=J913,1,0))
A914: U07747 | B914: RAG-TPC: Retrieval Augmented Generation for Teenager Psychological Counseling Using DeepSeek | C914: Li | D914: 2025 | E914: 2023-2026 | F914: Journal article | G914: EAI Endorsed Transactions on Pervasive Health and Technology | H914: 10.4108/eetpht.11.11669 | I914: U07747_Li_2025.pdf | J914: N7 | K914: Excluded IC7: not evaluated with human end users | L914: No | M914: No | O914: =IF(N914="","",IF(N914=J914,1,0))
A915: U07758 | B915: Real-Time Emotion Recognition and Response Generation via LLM-Embedded Multimodal Interfaces | C915: Verma | D915: 2025 | E915: 2023-2026 | F915: Conference paper | G915: 2025 IEEE 7th International Conference on Computing, Communication and Automation, ICCCA 2025 | H915: 10.1109/iccca66364.2025.11325440 | I915: U07758_Verma_2025.pdf | J915: N7 | K915: Excluded IC7: not evaluated with human end users | L915: No | M915: No | O915: =IF(N915="","",IF(N915=J915,1,0))
A916: U07760 | B916: Real-Time Mental Health Prediction Using An AI Chatbot Powered By SVM | C916: Natania | D916: 2025 | E916: 2023-2026 | F916: Conference paper | G916: Proceedings of 3rd International Conference on Augmented Intelligence and Sustainable Systems, ICAISS 2025 | H916: 10.1109/icaiss61471.2025.11042009 | I916: U07760_Natania_2025.pdf | J916: N7 | K916: Excluded IC7: not evaluated with human end users | L916: No | M916: No | O916: =IF(N916="","",IF(N916=J916,1,0))
A917: U07789 | B917: Reframe Your Life Story: Interactive Narrative Therapist and Innovative Moment Assessment with Large Language Models | C917: Feng | D917: 2025 | E917: 2023-2026 | F917: Conference paper | G917: EMNLP 2025 - 2025 Conference on Empirical Methods in Natural Language Processing, Proceedings of the Conference | H917: 10.18653/v1/2025.emnlp-main.1245 | I917: U07789_Feng_2025.pdf | J917: N7 | K917: Excluded IC7: not evaluated with human end users | L917: No | M917: No | O917: =IF(N917="","",IF(N917=J917,1,0))
A918: U07807 | B918: Research on a Mental Health Service System Based on an Improved RAG Algorithm | C918: Chen | D918: 2025 | E918: 2023-2026 | F918: Conference paper | G918: 2025 IEEE 3rd International Conference on Electrical, Automation and Computer Engineering, ICEACE 2025 | H918: 10.1109/iceace67491.2025.11439659 | I918: U07807_Chen_2025.pdf | J918: N7 | K918: Excluded IC7: not evaluated with human end users | L918: No | M918: No | O918: =IF(N918="","",IF(N918=J918,1,0))
A919: U07808 | B919: Research on an Emotion Soothing System Based on Virtual Reality and Multimodal Interaction | C919: Zhao | D919: 2025 | E919: 2023-2026 | F919: Conference paper | G919: ICTC 2025 - 2025 6th Information Communication Technologies Conference | H919: 10.1109/ictc67375.2025.11291968 | I919: U07808_Zhao_2025.pdf | J919: N8 | K919: Excluded IC8: no explicit counselling/helping approach | L919: No | M919: No | O919: =IF(N919="","",IF(N919=J919,1,0))
A920: U07857 | B920: Role-Play Large Language Models for Short Behavior Change Interventions: An Exploratory Study on Brief Action Planning | C920: Bolpagni | D920: 2025 | E920: 2023-2026 | F920: Conference paper | G920: Lecture Notes in Computer Science | H920: 10.1007/978-3-031-95841-0_9 | I920: U07857_Bolpagni_2025.pdf | J920: N7 | K920: Excluded IC7: not evaluated with human end users | L920: No | M920: No | O920: =IF(N920="","",IF(N920=J920,1,0))
A921: U07867 | B921: Safety and User Experience of a Generative Artificial Intelligence Digital Mental Health Intervention: Exploratory Randomized Controlled Trial | C921: Campellone | D921: 2025 | E921: 2023-2026 | F921: Journal article | G921: Journal of Medical Internet Research | H921: 10.2196/67365 | I921: U07867_Campellone_2025.pdf | J921: I | K921: Included (Level-2 synthesis) | L921: Yes | M921: Yes | O921: =IF(N921="","",IF(N921=J921,1,0))
... A930: U07912 | B930: Sex differences in PTSD speech biomarkers assessed by virtual agent-induced conversations | C930: Menne | D930: 2025 | E930: 2023-2026 | F930: Journal article | G930: FRONTIERS IN PSYCHOLOGY | H930: 10.3389/fpsyg.2025.1509206 | I930: U07912_Menne_2025.pdf | J930: N8 | K930: Excluded IC8: no explicit counselling/helping approach | L930: No | M930: No | O930: =IF(N930="","",IF(N930=J930,1,0))
A931: U07920 | B931: Sibyl: Empowering Empathetic Dialogue Generation in Large Language Models via Sensible and Visionary Commonsense Inference | C931: Wang | D931: 2025 | E931: 2023-2026 | F931: Conference paper | G931: Proceedings - International Conference on Computational Linguistics, COLING | I931: U07920_Wang_2025.pdf | J931: N7 | K931: Excluded IC7: not evaluated with human end users | L931: No | M931: No | O931: =IF(N931="","",IF(N931=J931,1,0))
A932: U07921 | B932: SilentCare: A Trust-Aware and Explainable AI Companion for Mental Health Support Through Adaptive Multichannel Dialogue Management | C932: Fazal | D932: 2025 | E932: 2023-2026 | F932: Conference paper | G932: Proceedings of 10th International Conference on Communication and Electronics Systems, ICCES 2025 | H932: 10.1109/icces67310.2025.11336240 | I932: U07921_Fazal_2025.pdf | J932: N7 | K932: Excluded IC7: not evaluated with human end users | L932: No | M932: No | O932: =IF(N932="","",IF(N932=J932,1,0))
A933: U07926 | B933: Single online self-compassion writing intervention reduces anxiety: With the feedback of ChatGPT | C933: Kishimoto | D933: 2025 | E933: 2023-2026 | F933: Journal article | G933: INTERNET INTERVENTIONS-THE APPLICATION OF INFORMATION TECHNOLOGY IN MENTAL AND BEHAVIOURAL HEALTH | H933: 10.1016/j.invent.2025.100810 | I933: U07926_Kishimoto_2025.pdf | J933: N6 | K933: Excluded IC6: no own or purpose-built dialogue system | L933: No | M933: No | O933: =IF(N933="","",IF(N933=J933,1,0))
A934: U07936 | B934: SkillSet Sherpa: Career Counseling with Large Language Models | C934: Arya | D934: 2025 | E934: 2023-2026 | F934: Conference paper | G934: Lecture Notes in Networks and Systems | H934: 10.1007/978-981-97-9523-9_23 | I934: U07936_Arya_2025.pdf | J934: N7 | K934: Excluded IC7: not evaluated with human end users | L934: No | M934: No | O934: =IF(N934="","",IF(N934=J934,1,0))
A935: U07943 | B935: Smart Chatbots for Mental Health Support: AI-Based Screening and Early Identification of Depression | C935: Devi | D935: 2025 | E935: 2023-2026 | F935: Conference paper | G935: 2025 IEEE 6th Global Conference for Advancement in Technology, GCAT 2025 | H935: 10.1109/gcat66372.2025.11368476 | I935: U07943_Devi_2025.pdf | J935: N8 | K935: Excluded IC8: no explicit counselling/helping approach | L935: No | M935: No | O935: =IF(N935="","",IF(N935=J935,1,0))
A936: U07953 | B936: Smart Wellness through Conversational AI: Building FitVore with Gemini for Personalized Health Coaching | C936: Tyagi | D936: 2025 | E936: 2023-2026 | F936: Conference paper | G936: Proceedings of the 2025 International Conference on Artificial Intelligence and Emerging Technology, Global AI Summit 2025 | H936: 10.1109/aisummit66170.2025.11411641 | I936: U07953_Tyagi_2025.pdf | J936: N8 | K936: Excluded IC8: no explicit counselling/helping approach | L936: No | M936: No | O936: =IF(N936="","",IF(N936=J936,1,0))
A937: U07954 | B937: SMART-DREAM: To Condition or Not to Condition; A Study on the Impact of LLM Conditioning on Motivational Interview Dialog Virtual Agent | C937: Galland | D937: 2025 | E937: 2023-2026 | F937: Conference paper | G937: IVA 2025 - Proceedings of the 25th ACM International Conference on Intelligent Virtual Agents | H937: 10.1145/3717511.3747062 | I937: U07954_Galland_2025.pdf | J937: N9 | K937: Excluded IC9: no intervention-outcome evaluation (Level-1 map only) | L937: Yes | M937: No | O937: =IF(N937="","",IF(N937=J937,1,0))
A938: U07969 | B938: SocialSim: Towards Socialized Simulation of Emotional Support Conversation | C938: Chen | D938: 2025 | E938: 2023-2026 | F938: Conference paper | G938: Proceedings of the AAAI Conference on Artificial Intelligence | H938: 10.1609/aaai.v39i2.32116 | I938: U07969_Chen_2025.pdf | J938: N7 | K938: Excluded IC7: not evaluated with human end users | L938: No | M938: No | O938: =IF(N938="","",IF(N938=J938,1,0))
A939: U07977 | B939: Soulbot: Chatbots for Mental Health Support using Gemini | C939: Rakhma | D939: 2025 | E939: 2023-2026 | F939: Conference paper | G939: ICoCSETI 2025 - International Conference on Computer Sciences, Engineering, and Technology Innovation, Proceeding | H939: 10.1109/icocseti63724.2025.11020143 | I939: U07977_Rakhma_2025.pdf | J939: N7 | K939: Excluded IC7: not evaluated with human end users | L939: No | M939: No | O939: =IF(N939="","",IF(N939=J939,1,0))
A940: U07985 | B940: Speech-Based Virtual Assistant for Mental Health Support Through Natural Interaction | C940: Kurniawan | D940: 2025 | E940: 2023-2026 | F940: Journal article | G940: Jurnal RESTI | H940: 10.29207/resti.v9i6.6585 | I940: U07985_Kurniawan_2025.pdf | J940: N8 | K940: Excluded IC8: no explicit counselling/helping approach | L940: No | M940: No | O940: =IF(N940="","",IF(N940=J940,1,0))
A941: U07990 | B941: STAMPsy: Towards SpatioTemporal-Aware Mixed-Type Dialogues for Psychological Counseling | C941: Wang | D941: 2025 | E941: 2023-2026 | F941: Conference paper | G941: Proceedings of the AAAI Conference on Artificial Intelligence | H941: 10.1609/aaai.v39i24.34725 | I941: U07990_Wang_2025.pdf | J941: N7 | K941: Excluded IC7: not evaluated with human end users | L941: No | M941: No | O941: =IF(N941="","",IF(N941=J941,1,0))
A942: U07998 | B942: Stress and Depression Detection by Chatbot | C942: Shaik | D942: 2025 | E942: 2023-2026 | F942: Conference paper | G942: Lecture Notes in Networks and Systems | H942: 10.1007/978-981-97-9926-8_36 | I942: U07998_Shaik_2025.pdf | J942: N8 | K942: Excluded IC8: no explicit counselling/helping approach | L942: No | M942: No | O942: =IF(N942="","",IF(N942=J942,1,0))
A943: U08000 | B943: Stress Detection Using SVM and Virtual Assistant | C943: Amale | D943: 2025 | E943: 2023-2026 | F943: Conference paper | G943: 2025 IEEE International Students' Conference on Electrical, Electronics and Computer Science, SCEECS 2025 | H943: 10.1109/sceecs64059.2025.10940886 | I943: U08000_Amale_2025.pdf | J943: N8 | K943: Excluded IC8: no explicit counselling/helping approach | L943: No | M943: No | O943: =IF(N943="","",IF(N943=J943,1,0))
... A953: U08110 | B953: The Digital Therapeutic Alliance With Mental Health Chatbots: Diary Study and Thematic Analysis | C953: Xu | D953: 2025 | E953: 2023-2026 | F953: Journal article | G953: JMIR Mental Health | H953: 10.2196/76642 | I953: U08110_Xu_2025.pdf | J953: N9 | K953: Excluded IC9: no intervention-outcome evaluation (Level-1 map only) | L953: Yes | M953: No | O953: =IF(N953="","",IF(N953=J953,1,0))
A954: U08114 | B954: The Educational Guidance Platform via Artificial Intelligence Chatbot to Promote Vocational Aptitude for Vocational Students | C954: Manus Phuttawong | D954: 2025 | E954: 2023-2026 | F954: Journal article | G954: Canadian Center of Science and Education. 1595 Sixteenth Ave Suite 301, Richmond Hill, Ontario, L4B 3N9 Canada. Tel: 416-642-2606; Fax: 416-642-2608; e-mail: hes@ccsenet.org; Web site: http://www.ccsenet.org/journal/index.php/hes | I954: U08114_Manus-Phuttawong_2025.pdf | J954: N7 | K954: Excluded IC7: not evaluated with human end users | L954: No | M954: No | O954: =IF(N954="","",IF(N954=J954,1,0))
A955: U08117 | B955: The effect of artificial intelligence applications GymBuddy & Elomia on the mental health and physical activities of teachers and learners exposed to e-learning platforms | C955: Zhang | D955: 2025 | E955: 2023-2026 | F955: Journal article | G955: CURRENT PSYCHOLOGY | H955: 10.1007/s12144-025-08015-3 | I955: U08117_Zhang_2025.pdf | J955: N8 | K955: Excluded IC8: no explicit counselling/helping approach | L955: No | M955: No | O955: =IF(N955="","",IF(N955=J955,1,0))
...

Sheet Final_set_extraction
A1: Study ID | B1: Linked reports | C1: First author | D1: Year | E1: Title | F1: Venue | G1: Document type | H1: System | I1: Context / problem | J1: Population | K1: Counselling approach | L1: Dialogue technique | M1: Modality | N1: Design | O1: N | P1: Duration / dose | Q1: Comparator | R1: Outcome domains | S1: Main result vs comparator | T1: Notes / challenges | U1: DOI | V1: PDF file | W1: MMAT quality (to fill)
A2: U00006 | C2: Ohlms | D2: 2027 | E2: Effects of AI-based chatbot coaching on goal attainment, self-efficacy, and stress: A longitudinal randomized experiment | F2: COMPUTERS IN HUMAN BEHAVIOR | G2: Journal article | H2: AI coaching chatbot | I2: Academic goals and stress | J2: University students | K2: Coaching (solution-focused) | L2: LLM | M2: Text | N2: RCT | O2: 101 | P2: 4 sessions over a semester | Q2: Active (self-study) + waitlist | R2: Goal attainment; self-efficacy; stress | S2: Mixed | T2: Goal attainment improved; self-efficacy and stress effects inconsistent | U2: 10.1016/j.chb.2026.109184 | V2: U00006_Ohlms_2027.pdf
A3: U00135 | C3: Bryant | D3: 2026 | E3: A guided chatbot-based psychological intervention for psychologically distressed older adolescents and young adults: a randomised clinical trial in Jordan | F3: npj Digital Medicine | G3: Journal article | H3: STARS (WHO) | I3: Psychological distress | J3: Young adults, Jordan | K3: CBT / problem management (PM+) | L3: Rule-based (guided) | M3: Text | N3: RCT | O3: 344 | P3: 10 sessions + 5 support calls; 3-month follow-up | Q3: Enhanced usual care | R3: Anxiety; depression; distress; functioning; well-being | S3: Favours CDS | T3: Guided (e-helper) chatbot; LMIC humanitarian setting | U3: 10.1038/s41746-025-02142-8 | V3: U00135_Bryant_2026.pdf
A4: U00380 | C4: Huang | D4: 2026 | E4: Advanced robot interfaces are unnecessary for effective psychological health interventions | F4: Computers in Human Behavior Reports | G4: Journal article | H4: eiIBM delivered by text bot, audio bot and telepresence robot | I4: Depression | J4: Young adults | K4: Cognitive bias modification (CBT) | L4: Rule-based | M4: Text vs voice vs robot | N4: RCT | O4: 67 | P4: 6 sessions over 2 weeks | Q4: No intervention + modality comparison | R4: Depression; interpretation bias; user experience | S4: Favours CDS | T4: No difference between delivery modalities | U4: 10.1016/j.chbr.2026.100955 | V4: U00380_Huang_2026.pdf
A5: U00512 | C5: Huang | D5: 2026 | E5: AI Versus Human-Delivered Online Cognitive Behavioral Therapy for Anxiety Symptoms in Young Adults: A Randomized Controlled Trial | F5: Healthcare (Switzerland) | G5: Journal article | H5: AI-CBT chatbot | I5: Anxiety | J5: Young adults, China | K5: CBT | L5: LLM | M5: Text | N5: RCT | O5: 90 | P5: 4 weeks | Q5: Peer counsellor CBT + no intervention | R5: Anxiety; sleep; self-efficacy; perceived benefit | S5: No difference | T5: Within-group gains only; lower perceived benefit for AI | U5: 10.3390/healthcare14101325 | V5: U00512_Huang_2026.pdf
A6: U00726 | C6: Jackson | D6: 2026 | E6: App-based conversational agents for tinnitus distress and mental health: A randomised controlled trial | F6: Internet Interventions | G6: Journal article | H6: Tinnibot vs Woebot | I6: Tinnitus distress | J6: Adults with tinnitus | K6: iCBT + mindfulness | L6: Rule-based | M6: Text | N6: RCT | O6: 105 | P6: 8 weeks | Q6: Woebot + waitlist | R6: Tinnitus distress; anxiety; depression; insomnia | S6: Favours CDS | T6: Condition-specific bot outperformed generic bot on insomnia and tinnitus distress | U6: 10.1016/j.invent.2026.100944 | V6: U00726_Jackson_2026.pdf
A7: U00873 | C7: Schläpfer | D7: 2026 | E7: Association between working alliance and treatment outcomes in a mobile health intervention with a conversational agent (CanRelax) | F7: Internet Interventions | G7: Journal article | H7: CanRelax 2.0 | I7: Cancer-related distress | J7: Adults with cancer | K7: Mindfulness, relaxation, coaching (BCTs) | L7: Rule-based | M7: Text | N7: RCT (secondary analysis) | O7: 117 | P7: 10 weeks | Q7: (RCT arm) | R7: Working alliance; distress | S7: Mixed | T7: Alliance (task, goal) weakly associated with lower distress | U7: 10.1016/j.invent.2026.100929 | V7: U00873_Schlapfer_2026.pdf
A8: U01093 | C8: Yang | D8: 2026 | E8: Can AI be a good counselor? Comparing the effectiveness of AI and human career counseling | F8: Technology in Society | G8: Journal article | H8: Generative AI career counsellor | I8: Career decision-making | J8: University students, China | K8: Brief career counselling | L8: LLM | M8: Text | N8: Controlled trial | O8: 183 | P8: 3 weeks | Q8: Human career counselling | R8: Information; career decision self-efficacy; decision efficiency | S8: Mixed | T8: AI non-inferior for information; human better for self-efficacy and decision outcomes | U8: 10.1016/j.techsoc.2026.103301 | V8: U01093_Yang_2026.pdf
A9: U01136 | C9: Chen | D9: 2026 | E9: Caring with AI: The efficacy of a customised ChatGPT-delivered self-compassion intervention on college students' well-being and academic functioning | F9: Computers in Human Behavior Reports | G9: Journal article | H9: Your Self-Compassion Companion | I9: Well-being and academic functioning | J9: College students | K9: Self-compassion / CFT | L9: LLM | M9: Text | N9: RCT | O9: 220 | P9: 3 weekly 20-min sessions | Q9: Active control | R9: Self-compassion; self-criticism; self-esteem; academic engagement | S9: Favours CDS | T9: High completion (99%) | U9: 10.1016/j.chbr.2026.101267 | V9: U01136_Chen_2026.pdf
A10: U01326 | C10: Terblanche | D10: 2026 | E10: Comparing GROW, solution-focused and CBT coaching chatbots: a self-determination and transformative learning perspective | F10: Coaching | G10: Journal article | H10: GROW, SF and CBT coaching chatbots | I10: Personal development coaching | J10: Adults | K10: Coaching (GROW, solution-focused, CBT) | L10: LLM | M10: Text | N10: Randomised experiment (3 arms) | O10: 592 | P10: 2 sessions | Q10: Alternative coaching models | R10: Goal attainment; working alliance; technology adoption | S10: Favours CDS | T10: CBT-based bot outperformed GROW and SF bots | U10: 10.1080/17521882.2026.2625707 | V10: U01326_Terblanche_2026.pdf
A11: U01397 | C11: Sahab | D11: 2026 | E11: Conversational AI Agents for Mental Well-Being: A Pilot Randomized Controlled Trial with Afghan Women | F11: IEICE Transactions on Information and Systems | G11: Journal article | H11: Supportive Listener (GPT-4) | I11: Anxiety and depression | J11: Afghan women | K11: Person-centred, trauma-sensitive supportive listening | L11: LLM | M11: Text | N11: RCT | O11: 60 | P11: Several sessions | Q11: Standard GPT-4 + waitlist | R11: HADS; linguistic style matching; perceived empathy | S11: Favours CDS | T11: Instructions, not the base model, drove benefit | U11: 10.1587/transinf.2025dkp0015 | V11: U01397_Sahab_2026.pdf
A12: U01764 | C12: Kuta | D12: 2026 | E12: Effectiveness of a Fully Automated Mobile Therapeutic Versus a General Chatbot in Reducing Depression and Anxiety and Improving Well-Being: Feasibility Randomized Controlled Trial | F12: JMIR Mental Health | G12: Journal article | H12: Solution-focused AI therapy app | I12: Depression, anxiety, well-being | J12: Adults online | K12: Solution-focused brief therapy | L12: LLM | M12: Text | N12: RCT | O12: 147 | P12: 3 weeks (9 sessions) | Q12: ChatGPT + assessment-only | R12: PHQ-9; ODSIS; GAD-7; well-being | S12: Mixed | T12: Structured SF bot vs unstructured ChatGPT; low completion (39%) | U12: 10.2196/82642 | V12: U01764_Kuta_2026.pdf
A13: U01797 | B13: U00888 | C13: Shoshani | D13: 2026 | E13: Efficacy of a Conversational AI Agent for Psychiatric Symptoms and Digital Therapeutic Alliance A Randomized Clinical Trial | F13: JAMA Network Open | G13: Journal article | H13: AI conversational mental health platform | I13: Psychiatric symptoms | J13: University students with distress, Israel | K13: Integrative (CBT, ACT, DBT, positive psychology) | L13: LLM | M13: Text | N13: RCT | O13: 995 | P13: 12 weeks + 3-month follow-up | Q13: Group therapy + waitlist | R13: GAD-7; PHQ-9; PCL-5; WHO-5; life satisfaction; alliance | S13: Favours CDS | T13: Linked report U00888 (moderators: loneliness, attachment) | U13: 10.1001/jamanetworkopen.2026.6713 | V13: U01797_Shoshani_2026.pdf
A14: U01798 | C14: Li | D14: 2026 | E14: Efficacy of A Virtual Agent–Based Digital Intervention (Echo App V2.0) for Patients With Alcohol Use Disorder: Randomized Controlled Trial | F14: Journal of Medical Internet Research | G14: Journal article | H14: Echo App V2.0 | I14: Alcohol use disorder | J14: Inpatients, China | K14: CBT (+ MI) | L14: Rule-based (dialogue trees) | M14: ECA (digital human) | N14: RCT | O14: 93 | P14: 4 weeks (10 sessions); 3-month follow-up | Q14: TAU | R14: Craving; relapse; emotion; sleep; motivation | S14: Favours CDS | T14: Assessors blinded | U14: 10.2196/91065 | V14: U01798_Li_2026.pdf
A15: U01812 | C15: Kian | D15: 2026 | E15: Embodied Agent-Facilitated Virtual Support Groups for University Students | F15: IEEE Transactions on Affective Computing | G15: Journal article | H15: Robot-facilitated support group | I15: Anxiety and affect | J15: University students | K15: Facilitated support group (group therapy) | L15: LLM (Wizard-of-Oz framing) | M15: Robot | N15: Between/within experiment | O15: NR | P15: Single session | Q15: Perceived human-operated vs autonomous | R15: Anxiety; positive and negative affect; trust | S15: Favours CDS | T15: Pre-post reductions; no condition difference | U15: 10.1109/taffc.2026.3693987 | V15: U01812_Kian_2026.pdf
A16: U01815 | C16: Wang | D16: 2026 | E16: Embodied Miracle-Question Counseling in Virtual Reality | F16: Proceedings - 2026 IEEE Conference on Virtual Reality and 3D User Interfaces Abstracts and Workshops, VRW 2026 | G16: Conference paper | H16: VR Miracle-Question counselling | I16: Affect and goal reflection | J16: Adults | K16: SFBT (miracle question) | L16: LLM within scripted state machine | M16: VR | N16: Pre-post + between-subjects | O16: 20 | P16: Single session | Q16: Humanoid agent vs non-anthropomorphic metaphor | R16: Positive/negative affect; psychological safety | S16: Favours CDS | T16: LLM restricted to surface generation | U16: 10.1109/vrw70859.2026.00154 | V16: U01815_Wang_2026.pdf
A17: U01852 | C17: Yang | D17: 2026 | E17: Emotional support or problem-solving? A randomized controlled trial of function-specific AI Chatbots for digital stress in college students | F17: Applied Psychology: Health and Well-Being | G17: Journal article | H17: Emotional-support vs problem-solving chatbots | I17: Digital stress | J17: College students | K17: Supportive communication (emotional vs informational support) | L17: LLM | M17: Text | N17: RCT | O17: 99 | P17: 14 days | Q17: Waitlist | R17: Digital stress dimensions; anxiety; depression | S17: Mixed | T17: Function-specific effects; depression unchanged | U17: 10.1111/aphw.70208 | V17: U01852_Yang_2026.pdf
A18: U02130 | C18: Ye | D18: 2026 | E18: Exploring conflict-related behavioral intentions in AI and human role-playing interventions: evidence from behavioral experiments and linguistic analyses | F18: Cognitive Processing | G18: Journal article | H18: AI role-play conflict intervention | I18: Interpersonal conflict | J18: Adults | K18: Role-play (counselling technique) | L18: LLM | M18: Text | N18: Between-subjects experiments | O18: NR | P18: Single session | Q18: Human counsellor + no interaction | R18: Revenge intention; understanding; willingness to communicate | S18: Favours CDS | T18: Effects did not transfer to parallel scenarios | U18: 10.1007/s10339-026-01391-z | V18: U02130_Ye_2026.pdf
A19: U02507 | C19: Hennemann | D19: 2026 | E19: Generative AI versus human conversational agent for reducing procrastination: A randomized pilot trial | F19: Digital Health | G19: Journal article | H19: ChatGPT-4 CBT micro-intervention | I19: Procrastination | J19: University students | K19: CBT | L19: LLM | M19: Text | N19: Randomised pilot | O19: 62 | P19: 3 sessions; 6-month follow-up | Q19: Human conversational agent | R19: Procrastination; depression; anxiety; unwanted effects | S19: No difference | T19: 43% reported unwanted effects in both arms | U19: 10.1177/20552076261450336 | V19: U02507_Hennemann_2026.pdf
A20: U02593 | C20: Fang | D20: 2026 | E20: Harnessing large language models in virtual CBT for university students’ academic anxiety: a preliminary randomized trial | F20: Frontiers in Public Health | G20: Journal article | H20: LLM-VR-CBT | I20: Academic anxiety | J20: University students | K20: CBT | L20: LLM + RAG | M20: VR | N20: RCT | O20: 60 | P20: 4 weeks | Q20: Traditional CBT + minimal support | R20: Academic anxiety; heart rate | S20: Favours CDS | T20: Non-inferior to traditional CBT | U20: 10.3389/fpubh.2026.1874822 | V20: U02593_Fang_2026.pdf
A21: U02770 | C21: McFadyen | D21: 2026 | E21: Increasing engagement with cognitive-behavioral therapy (CBT) using generative AI: a randomized controlled trial (RCT) | F21: Communications Medicine | G21: Journal article | H21: GenAI-enabled CBT app | I21: Anxiety and depression | J21: US adults with symptoms | K21: CBT | L21: LLM | M21: Text | N21: RCT | O21: 540 | P21: 6 weeks | Q21: Digital CBT workbook | R21: Engagement; GAD-7; PHQ-9; adverse events | S21: Favours CDS | T21: Higher engagement than workbook | U21: 10.1038/s43856-025-01321-8 | V21: U02770_McFadyen_2026.pdf
A22: U02858 | C22: Matzenbacher | D22: 2026 | E22: Interactive Virtual Assistant for Health Promotion Among Older Adults With Type 2 Diabetes: The IVAM-ED Randomized Clinical Trial | F22: JAMA network open | G22: Journal article | H22: IVAM-ED (Alexa) | I22: Mental distress in diabetes | J22: Older adults with T2D, Brazil | K22: Behavioural intervention model | L22: Rule-based voice skill | M22: Smart speaker | N22: RCT | O22: NR | P22: 12 weeks | Q22: Usual care | R22: Mental distress; QoL; perceived stress; self-care; HbA1c | S22: Favours CDS | T22: Commercial smart speaker programmed for intervention | U22: 10.1001/jamanetworkopen.2025.53508 | V22: U02858_Matzenbacher_2026.pdf
A23: U03087 | C23: Zhang | D23: 2026 | E23: LLM-Assisted Counseling for Career Adaptability and Psychological Well-Being: A Longitudinal Study among Unemployed Adults in China | F23: Journal of Technology in Behavioral Science | G23: Journal article | H23: LLM-assisted counselling | I23: Unemployment distress and career adaptability | J23: Unemployed adults, China | K23: CBT + career adaptability | L23: LLM | M23: Text | N23: Randomised comparison | O23: 400 | P23: 12 bi-weekly sessions (6 months) | Q23: Supervised human online counselling | R23: GAD-7; career adaptability; acceptance | S23: Favours CDS | T23: Authors caution against generalising superiority | U23: 10.1007/s41347-026-00718-z | V23: U03087_Zhang_2026.pdf
A24: U03094 | C24: You | D24: 2026 | E24: LLM-based chatbots for academic stress counseling: comparing Socratic and Didactic styles in fostering stress reduction and therapeutic alliance | F24: Interactive Learning Environments | G24: Journal article | H24: Socratic vs didactic counselling chatbots | I24: Academic stress | J24: University students | K24: Socratic questioning (CBT) vs didactic | L24: LLM | M24: Text | N24: Within-subjects comparison | O24: 44 | P24: Repeated sessions | Q24: Counselling style | R24: Perceived stress; therapeutic alliance | S24: Favours CDS | T24: Didactic style outperformed Socratic style | U24: 10.1080/10494820.2026.2662461 | V24: U03094_You_2026.pdf
A25: U03118 | C25: Kian | D25: 2026 | E25: LLM-powered socially assistive robot-delivered cognitive behavioral therapy exercises: an exploratory study with university students | F25: Frontiers in Robotics and AI | G25: Journal article | H25: SAR-delivered CBT exercises | I25: Psychological distress and anxiety | J25: University students | K25: CBT | L25: LLM | M25: Robot vs text | N25: Randomised comparison (3 arms) | O25: 38 | P25: 15 days | Q25: Chatbot + worksheets | R25: Distress; session anxiety; adherence | S25: Mixed | T25: Robot and worksheet reduced distress; chatbot did not | U25: 10.3389/frobt.2026.1802622 | V25: U03118_Kian_2026.pdf
A26: U03301 | C26: Wong | D26: 2026 | E26: Motivational interviewing chatbot improves lifestyle in primary healthcare settings in a pragmatic randomised controlled trial | F26: npj Digital Medicine | G26: Journal article | H26: MI chatbot in primary care | I26: Lifestyle (NCD prevention) | J26: Adults 45-75 with/at risk of hypertension or diabetes | K26: Motivational interviewing | L26: Rule-based | M26: Text | N26: Pragmatic RCT | O26: 627 | P26: 12 weeks; 9-month follow-up | Q26: Usual care | R26: Physical activity; diet; committed action; blood pressure | S26: Favours CDS | T26: Dose-response; sustained at 9 months | U26: 10.1038/s41746-026-02728-w | V26: U03301_Wong_2026.pdf
A27: U03765 | C27: Meinert | D27: 2026 | E27: Real-World Testing of an Artificial Intelligence Conversational Agent as an Early Intervention and Support Tool in the Mental Health Referral Care Pathway: A Mixed-Methods Study | F27: International Journal of Social Psychiatry | G27: Journal article | H27: Wysa | I27: Depression and anxiety on waiting list | J27: NHS Talking Therapies patients | K27: CBT | L27: Hybrid (NLP + scripted) | M27: Text | N27: RCT | O27: 76 | P27: 12 weeks | Q27: Usual waiting | R27: PHQ-9; GAD-7; QoL; engagement | S27: No difference | T27: Under-powered; engagement limited by conversational errors | U27: 10.1177/00207640251415507 | V27: U03765_Meinert_2026.pdf
A28: U03769 | C28: Naumann | D28: 2026 | E28: Realistic human-like avatar embodiment diminishes outcomes in digital emotion regulation interventions | F28: Computers in Human Behavior Reports | G28: Journal article | H28: Embodied ER intervention avatars | I28: Emotion regulation | J28: Adults | K28: Emotion regulation (psychoeducation, gratitude, reappraisal) | L28: Rule-based | M28: ECA | N28: Between-subjects experiment (4 arms) | O28: 211 | P28: Single session | Q28: Audio-only control | R28: Emotions; satisfaction; user experience | S28: Mixed | T28: Realistic avatar lowered satisfaction (uncanny valley) | U28: 10.1016/j.chbr.2026.100952 | V28: U03769_Naumann_2026.pdf
A29: U04037 | C29: Shimojo | D29: 2026 | E29: Solution-Focused Embodied Conversational Agent for Older Adults: An Experimental Study on the Impact of Agent Impression | F29: Companion Proceedings of the 21st ACM/IEEE International Conference on Human-Robot Interaction, HRI Companion 2026 | G29: Conference paper | H29: Solution-focused ECA on robot | I29: Mental well-being in later life | J29: Older adults | K29: SFBT vs problem-focused approach | L29: Scripted | M29: Robot | N29: Randomised experiment | O29: 38 | P29: Single session | Q29: Problem-focused approach | R29: K10 distress; robot impressions | S29: No difference | T29: Perceived intelligence, not framework, predicted outcome | U29: 10.1145/3776734.3794479 | V29: U04037_Shimojo_2026.pdf
A30: U04222 | C30: Qiao | D30: 2026 | E30: The Anxiety Receipt: A Tangible RAG-LLM Interface for Emotional Externalization | F30: Lecture Notes in Computer Science | G30: Conference paper | H30: Anxiety Receipt | I30: Anxiety externalisation | J30: Young adults | K30: Expressive Therapies Continuum + CBT/ACT | L30: LLM + RAG | M30: Tangible interface | N30: Between-subjects experiment (EEG) | O30: 60 | P30: Single session | Q30: Screen-based interface | R30: EEG beta and frontal alpha asymmetry | S30: Favours CDS | T30: Physiological outcome only | U30: 10.1007/978-3-032-29839-3_31 | V30: U04222_Qiao_2026.pdf
A31: U04808 | C31: Zhang | D31: 2026 | E31: When Verse Listens Back: Classical Chinese Poetry as a Culturally Grounded Medium for Multimodal AI-Guided Emotional Support | F31: Conference on Human Factors in Computing Systems - Proceedings | G31: Conference paper | H31: Classical Chinese poetry support | I31: Negative affect | J31: University students | K31: Poetry therapy (RES model) | L31: LLM | M31: Multimodal (voice, image) | N31: Between-subjects experiment | O31: 50 | P31: Single session | Q31: Text-only version | R31: Affect; feeling understood; usability | S31: Favours CDS | T31: Culturally grounded design | U31: 10.1145/3772363.3798550 | V31: U04808_Zhang_2026.pdf
A32: U04844 | C32: Ajayi T | D32: 2026 | E32: Woebot for Postpartum Mood and Anxiety: Randomized Controlled Trial Evaluating Feasibility, Acceptability, and Preliminary Efficacy of a Mobile Cognitive Behavioral Therapy Intervention | F32: JMIR Pediatr Parent | G32: Journal article | H32: Woebot for Postpartum Mood and Anxiety | I32: Postpartum mood | J32: Postpartum individuals | K32: CBT | L32: Hybrid (NLP + scripted) | M32: Text | N32: RCT | O32: NR | P32: 8 weeks | Q32: Waitlist | R32: Feasibility; acceptability; satisfaction; mood | S32: Favours CDS | T32: Feasibility met across education levels | U32: 10.2196/74083 | V32: U04844_Ajayi-T_2026.pdf
A33: U05050 | C33: Gleason | D33: 2025 | E33: A Relational Agent Intervention for Adolescents Seeking Mental Health Treatment: Outcomes From a Randomized Controlled Trial Within a Children's Outpatient Hospital | F33: JAACAP Open | G33: Journal article | H33: Woebot (W-GenZD) | I33: Adolescent depression | J33: Adolescents in outpatient care | K33: CBT | L33: Hybrid (NLP + scripted) | M33: Text | N33: RCT (non-inferiority) | O33: 141 | P33: 4 weeks | Q33: Group telehealth CBT | R33: PHQ-8; working alliance; anxiety | S33: Favours CDS | T33: Non-inferior to clinician-led group CBT | U33: 10.1016/j.jaacop.2025.02.002 | V33: U05050_Gleason_2025.pdf
A34: U05247 | C34: Imkome | D34: 2025 | E34: Ai-Aun Chatbot: A Pilot Study on the Effectiveness of an Artificial Intelligence Intervention for Mental Health Among Thai Older Adults | F34: Nursing and Health Sciences | G34: Journal article | H34: Ai-Aun | I34: Mental health in later life | J34: Thai older adults | K34: Mixed (CBT, mindfulness, psychoeducation) | L34: Rule-based | M34: ECA (avatar) | N34: Randomised pilot | O34: 44 | P34: 15 days | Q34: No intervention | R34: Geriatric mental health | S34: Favours CDS | T34: High satisfaction | U34: 10.1111/nhs.70093 | V34: U05247_Imkome_2025.pdf
A35: U05369 | C35: Wang | D35: 2025 | E35: An Exploratory Study of Chatbot-Based Mindfulness for Mental Health Support | F35: Mindfulness | G35: Journal article | H35: Mindfulness and values chatbots | I35: Well-being and stress | J35: Post-secondary students | K35: Mindfulness (mindfulness-to-meaning) | L35: LLM | M35: Text | N35: Randomised experiments (2 studies) | O35: NR | P35: 1 and 4 weeks | Q35: Active check-in control | R35: Well-being; decentering; reappraisal | S35: Favours CDS | T35: Effect via decentering | U35: 10.1007/s12671-025-02685-7 | V35: U05369_Wang_2025.pdf
A36: U05455 | C36: Merrill | D36: 2025 | E36: Artificial intelligence chatbots as a source of virtual social support: Implications for loneliness and anxiety management | F36: Annals of the New York Academy of Sciences | G36: Journal article | H36: Person-centred social AI messages | I36: Loneliness and anxiety | J36: Adults (online panel) | K36: Supportive communication (person-centred messages) | L36: Scripted | M36: Text | N36: 2x2 between-subjects experiment | O36: NR | P36: Single session | Q36: Low person-centred messages | R36: Emotional validation; support quality | S36: Favours CDS | T36: Social presence moderated effects | U36: 10.1111/nyas.15400 | V36: U05455_Merrill_2025.pdf
A37: U05624 | C37: Geng | D37: 2025 | E37: Beyond the Dialogue: Multi-chatbot Group Motivational Interviewing for Premenstrual Syndrome (PMS) Management | F37: Conference on Human Factors in Computing Systems - Proceedings | G37: Conference paper | H37: Multi-chatbot group MI | I37: Premenstrual syndrome coping | J37: Women | K37: Motivational interviewing (group) | L37: LLM (multi-agent) | M37: Text | N37: Controlled study (3 conditions) | O37: 63 | P37: 2 menstrual cycles | Q37: No intervention + one-to-one chatbot | R37: Engagement; language convergence; coping | S37: Favours CDS | T37: Group format increased engagement and social learning | U37: 10.1145/3706598.3713918 | V37: U05624_Geng_2025.pdf
A38: U05742 | C38: Fujita J | D38: 2025 | E38: Challenges in Implementing a Mobile AI Chatbot Intervention for Depression Among Youth on Psychiatric Waiting Lists: Randomized Controlled Study Termination Report | F38: JMIRx Med | G38: Journal article | H38: emol | I38: Depression on psychiatric waiting lists | J38: Adolescents, Japan | K38: ACT | L38: Rule-based (commercial) | M38: Text | N38: RCT (terminated) | O38: 96 eligible | P38: 8 weekly sessions | Q38: Standard information | R38: PHQ-9 | S38: Feasibility only | T38: Terminated early; recruitment and implementation barriers | U38: 10.2196/70960 | V38: U05742_Fujita-J_2025.pdf
A39: U05862 | C39: Palmer | D39: 2025 | E39: Combining Artificial Intelligence and Human Support in Mental Health: Digital Intervention With Comparable Effectiveness to Human-Delivered Care | F39: Journal of Medical Internet Research | G39: Journal article | H39: Digital programme for anxiety (CA + human support) | I39: Generalised anxiety | J39: Adults, UK NHS | K39: CBT | L39: ML-driven CA with clinician oversight | M39: Text | N39: Non-randomised controlled (propensity-matched) | O39: 299 | P39: Up to 9 weeks; 1-month follow-up | Q39: Matched waitlist; face-to-face and typed CBT | R39: GAD-7; engagement; safety | S39: Favours CDS | T39: Non-inferior to human-delivered CBT | U39: 10.2196/69351 | V39: U05862_Palmer_2025.pdf
A40: U06042 | C40: Xu | D40: 2025 | E40: Depression intervention using AI chatbots with social cues: a randomized trial of effectiveness | F40: Journal of Affective Disorders | G40: Journal article | H40: High vs low social-cue chatbots | I40: Depression | J40: College students with PHQ-9 >= 9 | K40: CBT | L40: Scripted | M40: Text vs multimodal (voice, animation) | N40: RCT | O40: 84 | P40: 16 weeks | Q40: Text-only chatbot | R40: PHQ-9; GAD-7; PANAS; alliance; adherence | S40: Favours CDS | T40: Social cues improved symptoms and adherence | U40: 10.1016/j.jad.2025.119760 | V40: U06042_Xu_2025.pdf
A41: U06052 | C41: Kang | D41: 2025 | E41: Design and Evaluation of a Virtual Agent for Interpersonal Emotion Regulation in VR | F41: Proceedings - 2025 IEEE International Symposium on Mixed and Augmented Reality, ISMAR 2025 | G41: Conference paper | H41: VR interpersonal ER agent | I41: Emotion regulation | J41: Adults | K41: Interpersonal emotion regulation strategies | L41: LLM | M41: VR | N41: Between-subjects experiments (2 studies) | O41: NR | P41: Single session | Q41: No agent + non-supportive agent | R41: Emotional state; trust; social presence | S41: Favours CDS | T41: Emotional voice tone improved regulation | U41: 10.1109/ismar67309.2025.00159 | V41: U06052_Kang_2025.pdf
A42: U06133 | C42: Lee | D42: 2025 | E42: Development of a Mobile Intervention for Procrastination Augmented With a Semigenerative Chatbot for University Students: Pilot Randomized Controlled Trial | F42: JMIR mHealth and uHealth | G42: Journal article | H42: Moa | I42: Procrastination and stress | J42: University students, Korea | K42: CBT | L42: Semi-generative (hybrid) | M42: Text (in to-do app) | N42: Pilot RCT | O42: 85 | P42: 30 days; 2-month follow-up | Q42: To-do app without chatbot | R42: Procrastination; time management; stress | S42: Favours CDS | T42: Engagement patterns linked to change | U42: 10.2196/53133 | V42: U06133_Lee_2025.pdf
A43: U06234 | C43: Wang | D43: 2025 | E43: Effect of a Cognitive Behavioral Therapy–Based AI Chatbot on Depression and Loneliness in Chinese University Students: Randomized Controlled Trial With Financial Stress Moderation | F43: JMIR mHealth and uHealth | G43: Journal article | H43: CBT AI chatbot | I43: Depression and loneliness | J43: University students, China | K43: CBT | L43: LLM | M43: Text | N43: RCT | O43: 100 | P43: 7 days | Q43: Waitlist | R43: CES-D; GAD-7; UCLA loneliness | S43: Mixed | T43: Depression and loneliness improved; anxiety did not | U43: 10.2196/63806 | V43: U06234_Wang_2025.pdf
A44: U06235 | C44: Zhao | D44: 2025 | E44: Effect of an AI agent trained on a large language model (LLM) as an intervention for depression and anxiety symptoms in young adults: A 28-day randomized controlled trial | F44: Applied Psychology: Health and Well-Being | G44: Journal article | H44: LLM agent in short-video app | I44: Depression and anxiety | J44: Young adults, China | K44: Mixed (CBT, problem-solving, positive psychology) | L44: LLM | M44: Text | N44: RCT | O44: 865 | P44: 28 days | Q44: Waitlist | R44: Depression; anxiety | S44: Favours CDS | T44: Benefit required sufficient use | U44: 10.1111/aphw.70067 | V44: U06235_Zhao_2025.pdf
A45: U06246 | C45: Tong | D45: 2025 | E45: Effectiveness of Topic-Based Chatbots on Mental Health Self-Care and Mental Well-Being: Randomized Controlled Trial | F45: Journal of Medical Internet Research | G45: Journal article | H45: Topic-based chatbots | I45: Mental health self-care | J45: General population, Hong Kong | K45: Stress management, emotion regulation, values clarification | L45: Rule-based | M45: Text | N45: RCT | O45: 285 | P45: 10 days; 1-month follow-up | Q45: Waitlist | R45: Self-care efficacy; literacy; behaviour; well-being | S45: Favours CDS | T45: Prevention focus | U45: 10.2196/70436 | V45: U06246_Tong_2025.pdf
A46: U06250 | B46: U05685 | C46: Li | D46: 2025 | E46: Effects of a Theory- and Evidence-Based, Motivational Interviewing–Oriented Artificial Intelligence Digital Assistant on Vaccine Attitudes: A Randomized Controlled Trial | F46: Journal of Medical Internet Research | G46: Journal article | H46: MI-oriented AI digital assistant | I46: COVID-19 vaccine hesitancy | J46: Vaccine-hesitant adults, Hong Kong | K46: Motivational interviewing | L46: Rule-based / NLU | M46: Text (+ web modules) | N46: RCT | O46: 177 | P46: 5 weeks; 6-month follow-up | Q46: Information messages | R46: Vaccine hesitancy; readiness; confidence; trust | S46: Favours CDS | T46: Linked report U05685 | U46: 10.2196/72637 | V46: U06250_Li_2025.pdf
A47: U06513 | C47: de Graaff | D47: 2025 | E47: Evaluation of a Guided Chatbot Intervention for Young People in Jordan: Feasibility Randomized Controlled Trial | F47: JMIR Mental Health | G47: Journal article | H47: STARS (WHO) feasibility | I47: Psychological distress | J47: Young people, Jordan | K47: CBT (transdiagnostic) | L47: Rule-based (guided) | M47: Text | N47: Feasibility RCT | O47: 60 | P47: 10 lessons (8 weeks) | Q47: Enhanced care as usual | R47: HSCL-25; functioning; feasibility | S47: Feasibility only | T47: Precursor to U00135 | U47: 10.2196/63515 | V47: U06513_de-Graaff_2025.pdf
A48: U06984 | C48: Six | D48: 2025 | E48: Impact of Conversational and Animation Features of a Mental Health App Virtual Agent on Depressive Symptoms and User Experience Among College Students: Randomized Controlled Trial | F48: JMIR Mental Health | G48: Journal article | H48: bCBT app virtual agent features | I48: Depression | J48: College students | K48: Brief CBT | L48: Scripted | M48: ECA | N48: Factorial RCT | O48: 209 | P48: 2 weeks | Q48: Agent feature variants | R48: PHQ-8; PSS; rumination; usability | S48: Mixed | T48: Conversation did not improve outcomes; animation improved UX | U48: 10.2196/67381 | V48: U06984_Six_2025.pdf
A49: U07039 | C49: Zhang | D49: 2025 | E49: Integrating AI chatbots into mental health strategies: Pre-post intervention study on support for unemployed graduates in China | F49: Environment and Social Psychology | G49: Journal article | H49: ChatGPT structured counselling | I49: Anxiety and career readiness | J49: Unemployed graduates, China | K49: Structured counselling (career, CBT) | L49: LLM | M49: Text | N49: Randomised pre-post control | O49: 60 | P49: 8 sessions | Q49: Human counselling | R49: GAD-7; career adaptability | S49: Favours CDS | T49: Stakeholder focus groups | U49: 10.59429/esp.v10i5.3742 | V49: U12363_Gardiner_2017.pdf
A50: U07257 | C50: Meyer | D50: 2025 | E50: LLM-based conversational agents for behaviour change support: A randomised controlled trial examining efficacy, safety, and the role of user behaviour | F50: International Journal of Human Computer Studies | G50: Journal article | H50: MIcha | I50: Behaviour change | J50: Adults | K50: Motivational interviewing | L50: LLM | M50: Text | N50: RCT | O50: NR | P50: Single conversation | Q50: Control conversation | R50: Readiness to change; harms | S50: Favours CDS | T50: User behaviour types moderated outcomes | U50: 10.1016/j.ijhcs.2025.103514 | V50: U07257_Meyer_2025.pdf
A51: U07710 | C51: Indrayanti | D51: 2025 | E51: PsyBot: A randomized controlled trial of WhatsApp-based psychological first aid to reduce loneliness among 18–22-year-old students in Yogyakarta, Indonesia | F51: SSM - Mental Health | G51: Journal article | H51: PsyBot | I51: Loneliness | J51: University students, Indonesia | K51: Psychological first aid | L51: LLM | M51: Text (WhatsApp) | N51: RCT | O51: 32 | P51: Single 30-min session | Q51: Neutral activity | R51: UCLA loneliness | S51: Favours CDS | T51: Transcripts checked for PFA fidelity | U51: 10.1016/j.ssmmh.2025.100504 | V51: U07710_Indrayanti_2025.pdf
A52: U07867 | C52: Campellone | D52: 2025 | E52: Safety and User Experience of a Generative Artificial Intelligence Digital Mental Health Intervention: Exploratory Randomized Controlled Trial | F52: Journal of Medical Internet Research | G52: Journal article | H52: Woebot generative vs rules-based | I52: Mental health support | J52: Adults | K52: CBT | L52: LLM with guardrails vs rule-based | M52: Text | N52: RCT | O52: 160 | P52: 2 weeks | Q52: Rule-based version | R52: Satisfaction; alliance; empathy accuracy; engagement; adverse events | S52: No difference | T52: Comparable experience; guardrails validated | U52: 10.2196/67365 | V52: U07867_Campellone_2025.pdf
A53: U07893 | C53: Mo | D53: 2025 | E53: Self-help psychological intervention for young individuals during the post-COVID-19 era: development of a PST chatbot using GPT-4 | F53: Frontiers in Digital Health | G53: Journal article | H53: PST chatbot (GPT-4) | I53: Post-COVID distress | J53: Young adults | K53: Problem-solving therapy | L53: LLM | M53: Text | N53: Controlled experiment | O53: 100 | P53: NR | Q53: Control group | R53: Problem awareness; problem solving; relationship quality | S53: Mixed | T53: No effect on relationship quality | U53: 10.3389/fdgth.2025.1627268 | V53: U07893_Mo_2025.pdf
A54: U08046 | C54: You | D54: 2025 | E54: Tailored Virtual Agent Guidance for Stress Management: Comparing Directive and Non-Directive Approaches by Alexithymia Status | F54: Conference on Human Factors in Computing Systems - Proceedings | G54: Conference paper | H54: Directive vs non-directive virtual agent | I54: Stress | J54: Young adults | K54: Stress management (directive vs non-directive guidance) | L54: LLM | M54: ECA | N54: Between-subjects experiment | O54: NR | P54: Multiple sessions | Q54: Guidance style | R54: Stress; therapeutic alliance | S54: Mixed | T54: Alliance depended on alexithymia | U54: 10.1145/3706599.3719824 | V54: U08046_You_2025.pdf
A55: U08125 | C55: Sharp | D55: 2025 | E55: The Effectiveness of a Chatbot Single-Session Intervention for People on Waitlists for Eating Disorder Treatment: Randomized Controlled Trial | F55: Journal of Medical Internet Research | G55: Journal article | H55: ED ESSI | I55: Eating disorders (waitlist) | J55: People on ED treatment waitlists | K55: Single-session intervention (psychoeducation, CBT) | L55: Rule-based | M55: Text | N55: RCT | O55: 60 | P55: Single 30-min session; 3-month follow-up | Q55: Web information | R55: ED pathology; depression; anxiety; motivation | S55: Mixed | T55: Co-designed with lived experience | U55: 10.2196/70874 | V55: U08125_Sharp_2025.pdf
A56: U08138 | C56: Vowels | D56: 2025 | E56: The efficacy, feasibility, and technical outcomes of a GPT-4o-based chatbot Amanda for relationship support: A randomized controlled trial | F56: PLOS Mental Health | G56: Journal article | H56: Amanda | I56: Relationship distress | J56: Adults in relationships | K56: Single-session relationship intervention (conflict reappraisal) | L56: LLM | M56: Text | N56: RCT | O56: 258 | P56: Single session; 2-week follow-up | Q56: Writing task | R56: Relationship satisfaction; communication; well-being | S56: No difference | T56: Both arms improved; few group differences | U56: 10.1371/journal.pmen.0000411 | V56: U08138_Vowels_2025.pdf
A57: U08170 | C57: Zhu | D57: 2025 | E57: The Impact of ChatGPT Exposure on User Interactions With a Motivational Interviewing Chatbot: Quasi-Experimental Study | F57: JMIR Formative Research | G57: Journal article | H57: MIBot | I57: Readiness to quit smoking | J57: Smokers | K57: Motivational interviewing | L57: Hybrid (scripted + generative reflections) | M57: Text | N57: Quasi-experimental cohort comparison | O57: 272 | P57: Single conversation; 1-week follow-up | Q57: Pre- vs post-ChatGPT cohorts | R57: Readiness/confidence; interaction metrics | S57: Mixed | T57: User expectations shifted after ChatGPT | U57: 10.2196/56973 | V57: U08170_Zhu_2025.pdf
A58: U08444 | C58: Chiu | D58: 2025 | E58: Using cognitive behavioral therapy-based chatbots to alleviate symptoms of insomnia, depression, and anxiety: A randomized controlled trial | F58: Health Informatics Journal | G58: Journal article | H58: CBT-I chatbot | I58: Insomnia, depression, anxiety | J58: Psychiatric outpatients, Taiwan | K58: CBT-I | L58: Rule-based | M58: Text | N58: RCT | O58: 80 | P58: 4 weeks | Q58: Sleep education website | R58: PSQI; PHQ-9; BDI; BAI | S58: Favours CDS | T58: High attrition | U58: 10.1177/14604582251396428 | V58: U08444_Chiu_2025.pdf
A59: U08611 | C59: Yasukawa | D59: 2024 | E59: A chatbot to improve adherence to internet-based cognitive–behavioural therapy among workers with subthreshold depression: a randomised controlled trial | F59: BMJ Mental Health | G59: Journal article | H59: iCBT adherence chatbot | I59: Subthreshold depression | J59: Employees, Japan | K59: CBT (adherence support) | L59: Rule-based | M59: Text | N59: RCT | O59: 149 | P59: 8 weeks | Q59: iCBT alone | R59: iCBT completion | S59: Favours CDS | T59: Completion 35% vs 19% | U59: 10.1136/bmjment-2023-300881 | V59: U08611_Yasukawa_2024.pdf
A60: U08614 | C60: Ulrich | D60: 2024 | E60: A Chatbot-Delivered Stress Management Coaching for Students (MISHA App): Pilot Randomized Controlled Trial | F60: JMIR mHealth and uHealth | G60: Journal article | H60: MISHA | I60: Student stress | J60: Students, Switzerland | K60: Stress management coaching (CBT-based) | L60: Rule-based | M60: Text | N60: RCT | O60: 140 | P60: NR | Q60: Waitlist | R60: PSS; depression; anxiety; somatic symptoms | S60: Favours CDS | T60: Per-protocol effects medium | U60: 10.2196/54945 | V60: U08614_Ulrich_2024.pdf
A61: U08698 | C61: Shidara | D61: 2024 | E61: Adapting the Number of Questions Based on Detected Psychological Distress for Cognitive Behavioral Therapy With an Embodied Conversational Agent: Comparative Study | F61: JMIR Formative Research | G61: Journal article | H61: Adaptive Socratic ECA | I61: Negative automatic thoughts | J61: Adults | K61: CBT (Socratic questioning) | L61: Rule-based + distress detection | M61: ECA | N61: Comparative experiment | O61: NR | P61: Single session | Q61: Random number of questions | R61: Distress; negative emotion; cognitive change | S61: Favours CDS | T61: Adaptation based on detected distress | U61: 10.2196/50056 | V61: U08698_Shidara_2024.pdf
A62: U08780 | C62: Foran | D62: 2024 | E62: An Automated Conversational Agent Self-Help Program: Randomized Controlled Trial | F62: Journal of Medical Internet Research | G62: Journal article | H62: Zenny | I62: Well-being promotion | J62: US adults | K62: Positive psychology (+ CBT) | L62: Rule-based | M62: Text (WhatsApp) | N62: RCT | O62: 1345 | P62: 1 month | Q62: Active control (online resources) | R62: WHO-5; flourishing; MHC-SF | S62: No difference | T62: Both groups improved equally | U62: 10.2196/53829 | V62: U08780_Foran_2024.pdf
A63: U09097 | C63: Bricker | D63: 2024 | E63: Conversational Chatbot for Cigarette Smoking Cessation:ResultsFrom the 11-Step User-Centered Design Development Processand Randomized Controlled Trial | F63: JMIR MHEALTH AND UHEALTH | G63: Journal article | H63: QuitBot | I63: Smoking cessation | J63: Adult smokers | K63: ACT-based cessation counselling | L63: Rule-based + LLM Q&A | M63: Text | N63: RCT (pilot within 11-step UCD) | O63: NR | P63: 42 days | Q63: Comparator programme | R63: Abstinence; engagement | S63: Favours CDS | T63: LLM Q&A added after user feedback | U63: 10.2196/57318 | V63: U09097_Bricker_2024.pdf
A64: U09192 | C64: Ulrich | D64: 2024 | E64: Development and Evaluation of a Smartphone-Based Chatbot Coach to Facilitate a Balanced Lifestyle in Individuals With Headaches (BalanceUP App): Randomized Controlled Trial | F64: Journal of Medical Internet Research | G64: Journal article | H64: BalanceUP | I64: Mental well-being with headaches | J64: Adults with frequent headaches | K64: Coaching with behaviour change techniques | L64: Rule-based | M64: Text | N64: RCT | O64: NR | P64: NR | Q64: Waitlist | R64: PHQ-ADS; stress; self-efficacy | S64: Favours CDS | T64: Follow-up report U07300 excluded (single-arm) | U64: 10.2196/50132 | V64: U09192_Ulrich_2024.pdf
A65: U09257 | C65: He | D65: 2024 | E65: Effectiveness and User Experience of a Smoking Cessation Chatbot: Mixed Methods Study Comparing Motivational Interviewing and Confrontational Counseling | F65: Journal of Medical Internet Research | G65: Journal article | H65: MI vs confrontational smoking chatbot | I65: Smoking cessation | J65: Smokers | K65: MI vs confrontational counselling | L65: Scripted | M65: Text | N65: Between-subjects experiment | O65: 229 | P65: Single session | Q65: Confrontational style | R65: Intention to quit; self-efficacy; engagement; alliance; empathy | S65: Mixed | T65: MI rated better; cessation outcomes similar | U65: 10.2196/53134 | V65: U09257_He_2024.pdf
A66: U09259 | C66: Kleinau | D66: 2024 | E66: Effectiveness of a chatbot in improving the mental wellbeing of health workers in Malawi during the COVID-19 pandemic: A randomized, controlled trial | F66: PLoS ONE | G66: Journal article | H66: Vitalk | I66: Health-worker well-being | J66: Health workers, Malawi | K66: CBT / resilience skills | L66: Rule-based | M66: Text | N66: RCT | O66: 1584 | P66: 8 weeks | Q66: Internet resources | R66: GAD-7; PHQ-9; burnout; loneliness; resilience | S66: Favours CDS | T66: High attrition (511 completers) | U66: 10.1371/journal.pone.0303370 | V66: U09259_Kleinau_2024.pdf
A67: U09260 | C67: MacNeill | D67: 2024 | E67: Effectiveness of a Mental Health Chatbot for People With Chronic Diseases: Randomized Controlled Trial | F67: JMIR Formative Research | G67: Journal article | H67: Wysa | I67: Mental health with chronic disease | J67: Adults with arthritis or diabetes | K67: CBT | L67: Hybrid (NLP + scripted) | M67: Text | N67: RCT | O67: 68 | P67: 4 weeks | Q67: No intervention | R67: PHQ-9; GAD-7; PSS | S67: Favours CDS | T67: Within-group effects | U67: 10.2196/50025 | V67: U09260_MacNeill_2024.pdf
A68: U09261 | C68: Karkosz | D68: 2024 | E68: Effectiveness of a Web-based and Mobile Therapy Chatbot on Anxiety and Depressive Symptoms in Subclinical Young Adults: Randomized Controlled Trial | F68: JMIR Formative Research | G68: Journal article | H68: Fido | I68: Subclinical depression and anxiety | J68: Young adults, Poland | K68: CBT (Socratic questioning) | L68: Rule-based / NLU | M68: Text | N68: RCT | O68: 81 | P68: 2 weeks | Q68: Self-help book | R68: PHQ-9; GAD-7; loneliness | S68: Mixed | T68: Non-English, highly inflected language | U68: 10.2196/47960 | V68: U09261_Karkosz_2024.pdf
A69: U09266 | C69: Schillings | D69: 2024 | E69: Effects of a Chatbot-Based Intervention on Stress and Health-Related Parameters in a Stressed Sample: Randomized Controlled Trial | F69: JMIR Mental Health | G69: Journal article | H69: ELME | I69: Stress | J69: Adults with moderate-high stress | K69: Mindfulness, interoception, psychoeducation | L69: Rule-based | M69: Text | N69: RCT | O69: 118 | P69: 3 weeks; 6-week follow-up | Q69: TAU | R69: PSS; mindfulness; well-being; emotion regulation | S69: Mixed | T69: Lab stress test included | U69: 10.2196/50454 | V69: U09266_Schillings_2024.pdf
A70: U09267 | C70: Fitzsimmons-Craft | D70: 2024 | E70: Effects of Chatbot Components to Facilitate Mental Health Services Use in Individuals With Eating Disorders Following Online Screening: An Optimization Randomized Controlled Trial | F70: International Journal of Eating Disorders | G70: Journal article | H70: ED services-uptake chatbot | I70: Eating-disorder help-seeking | J70: Adults screening positive for ED | K70: MI + psychoeducation (components) | L70: Rule-based | M70: Text | N70: Optimisation (factorial) RCT | O70: 205 | P70: 14 weeks | Q70: Component on/off | R70: Services use; helpfulness; change attitudes | S70: Mixed | T70: Repeated check-ins increased services use; MI reduced change attitudes | U70: 10.1002/eat.24260 | V70: U09267_Fitzsimmons-Craft_2024.pdf
A71: U09494 | C71: Pataranutaporn | D71: 2024 | E71: Future You: A Conversation with an AI-Generated Future Self Reduces Anxiety, Negative Emotions, and Increases Future Self-Continuity | F71: Proceedings - Frontiers in Education Conference, FIE | G71: Conference paper | H71: Future You | I71: Anxiety and future self-continuity | J71: Young adults 18-30 | K71: Prospection / future self-continuity | L71: LLM | M71: Text + age-progressed image | N71: RCT (preregistered) | O71: 344 | P71: Single session | Q71: Control conditions | R71: Anxiety; negative emotion; future self-continuity | S71: Favours CDS | T71: Personalised synthetic memory | U71: 10.1109/fie61694.2024.10893443 | V71: U09494_Pataranutaporn_2024.pdf
A72: U09546 | C72: So | D72: 2024 | E72: Guided versus unguided chatbot-delivered cognitive behavioral intervention for individuals with moderate-risk and problem gambling: A randomized controlled trial (GAMBOT2 study) | F72: Addictive Behaviors | G72: Journal article | H72: GAMBOT2 | I72: Problem gambling | J72: Adults with moderate-risk/problem gambling | K72: CBT | L72: Rule-based | M72: Text (LINE) | N72: RCT | O72: 139 | P72: 4 weeks; 12-week follow-up | Q72: Guided vs unguided | R72: G-SAS; stage of change | S72: No difference | T72: Therapist feedback added no benefit | U72: 10.1016/j.addbeh.2023.107889 | V72: U09546_So_2024.pdf
A73: U10353 | C73: Reilly | D73: 2024 | E73: Virtual Coach-Guided Online Acceptance and Commitment Therapy for Chronic Pain: Pilot Feasibility Randomized Controlled Trial | F73: JMIR Formative Research | G73: Journal article | H73: VACT-CP virtual coach | I73: Chronic pain | J73: Veterans | K73: ACT | L73: Scripted relational agent | M73: ECA | N73: Pilot RCT | O73: 42 | P73: 7 weeks | Q73: Waitlist + TAU | R73: Feasibility; pain; mental health; ACT processes | S73: Feasibility only | T73: Feasible and acceptable | U73: 10.2196/56437 | V73: U10353_Reilly_2024.pdf
A74: U10422 | C74: Sabour | D74: 2023 | E74: A chatbot for mental health support: exploring the impact of Emohaa on reducing mental distress in China | F74: Frontiers in Digital Health | G74: Journal article | H74: Emohaa | I74: Mental distress | J74: Adults, China | K74: CBT + emotional support | L74: Hybrid (scripted CBT-Bot + generative ES-Bot) | M74: Text | N74: RCT (3 arms) | O74: NR | P74: NR | Q74: Control | R74: Depression; anxiety; insomnia; affect | S74: Favours CDS | T74: Full version (CBT + ES) best | U74: 10.3389/fdgth.2023.1133987 | V74: U10422_Sabour_2023.pdf
A75: U10456 | C75: Jeong | D75: 2023 | E75: A robotic companion for psychological well-being: A long-term investigation of companionship and therapeutic alliance | F75: ACM/IEEE International Conference on Human-Robot Interaction | G75: Conference paper | H75: Robotic well-being companion | I75: Psychological well-being | J75: Adults | K75: Positive psychology | L75: Scripted | M75: Robot | N75: Controlled deployment (3 conditions) | O75: 70 | P75: 8 weeks | Q75: Assistant-like robot | R75: Alliance; well-being; readiness for change | S75: Favours CDS | T75: Companion-like delivery strengthened alliance | U75: 10.1145/3568162.3578625 | V75: U10456_Jeong_2023.pdf
A76: U10517 | C76: Nazarova | D76: 2023 | E76: Application of Artificial Intelligence in Mental Healthcare: Generative Pre-trained Transformer 3 (GPT-3) and Cognitive Distortions | F76: Lecture Notes in Networks and Systems | G76: Conference paper | H76: TeaBot | I76: Cognitive distortions | J76: University students | K76: CBT | L76: LLM (fine-tuned GPT-3) | M76: Text | N76: Controlled experiment | O76: 68 | P76: 8 weeks | Q76: Control group | R76: Mental health measures | S76: Favours CDS | T76: Early Central Asian LLM study | U76: 10.1007/978-3-031-47454-5_16 | V76: U10517_Nazarova_2023.pdf
A77: U10595 | C77: Chun-Hung | D77: 2023 | E77: Chatbot-assisted therapy for patients with methamphetamine use disorder: a preliminary randomized controlled trial | F77: Frontiers in Psychiatry | G77: Journal article | H77: Chatbot-assisted therapy (CAT) | I77: Methamphetamine use disorder | J77: Outpatients | K77: CBT-based psychosocial | L77: Rule-based | M77: Text | N77: RCT | O77: 99 | P77: 6 months | Q77: Standard outpatient care | R77: Retention; urine tests; satisfaction | S77: Mixed | T77: Preliminary | U77: 10.3389/fpsyt.2023.1159399 | V77: U10595_Chun-Hung_2023.pdf
A78: U10640 | C78: Loveys | D78: 2023 | E78: Comparing the Feasibility and Acceptability of a Virtual Human, Teletherapy, and an e-Manual in Delivering a Stress Management Intervention to Distressed Adult Women: Pilot Study | F78: JMIR Formative Research | G78: Journal article | H78: Virtual human CBSM | I78: Stress | J78: Distressed adult women | K78: Cognitive behavioural stress management | L78: Scripted | M78: ECA | N78: Pilot RCT (3 arms) | O78: 38 | P78: 1 session + 2 weeks homework | Q78: Teletherapy + e-manual | R78: Feasibility; acceptability; rapport; stress | S78: Feasibility only | T78: Prepared full RCT | U78: 10.2196/42390 | V78: U10640_Loveys_2023.pdf
A79: U10782 | C79: Suharwardy | D79: 2023 | E79: Feasibility and impact of a mental health chatbot on postpartum mental health: a randomized controlled trial | F79: AJOG Global Reports | G79: Journal article | H79: Postpartum mental health chatbot | I79: Postpartum mood | J79: Postpartum women | K79: CBT | L79: Hybrid (NLP + scripted) | M79: Text | N79: RCT | O79: NR | P79: 6 weeks | Q79: Usual care | R79: PHQ-9; GAD-7; acceptability | S79: Mixed | T79: High acceptability | U79: 10.1016/j.xagr.2023.100165 | V79: U10782_Suharwardy_2023.pdf
A80: U10810 | C80: Leeuwis | D80: 2023 | E80: Hi, I’m Cecil(y) the Smoking Cessation Chatbot: The Effectiveness of Motivational Interviewing and Confrontational Counseling Chatbots and the Moderating Role of the Need for Autonomy and Self-efficacy | F80: Lecture Notes in Computer Science (including subseries Lecture Notes in Artificial Intelligence and Lecture Notes in Bioinformatics) | G80: Conference paper | H80: Cecil(y) | I80: Smoking cessation | J80: Smokers | K80: MI vs confrontational counselling | L80: Scripted | M80: Text | N80: Between-subjects experiment | O80: 233 | P80: Single 8-min session | Q80: Confrontational style | R80: Intention to quit; satisfaction | S80: No difference | T80: Both styles increased intention to quit | U80: 10.1007/978-3-031-25581-6_1 | V80: U10810_Leeuwis_2023.pdf
A81: U10887 | C81: Maciejewski | D81: 2023 | E81: Low-effort internet intervention to reduce students' stress delivered with Meta's Messenger chatbot (Stressbot): A randomized controlled trial | F81: Internet Interventions | G81: Journal article | H81: Stressbot | I81: Student stress | J81: University students | K81: Coping self-efficacy (social cognitive theory) | L81: Rule-based | M81: Text (Messenger) | N81: RCT | O81: 372 | P81: NR; 1-month follow-up | Q81: Waitlist | R81: Stress; coping self-efficacy; QoL | S81: Mixed | T81: Short-term effects only | U81: 10.1016/j.invent.2023.100653 | V81: U10887_Maciejewski_2023.pdf
A82: U10892 | C82: Meng | D82: 2023 | E82: Mediated Social Support for Distress Reduction: AI Chatbots vs. Human | F82: Proceedings of the ACM on Human-Computer Interaction | G82: Conference paper | H82: Supportive chatbots vs human (WoZ) | I82: Distress | J82: College students | K82: Supportive communication (message contingency) | L82: Wizard-of-Oz | M82: Text | N82: Between-subjects experiment | O82: NR | P82: Single session | Q82: Human + low-contingency chatbot | R82: Warmth; competence; reappraisal; distress | S82: Favours CDS | T82: Reappraisal pathway | U82: 10.1145/3579505 | V82: U10892_Meng_2023.pdf
A83: U10908 | C83: Karhiy | D83: 2023 | E83: Mindfulness based stress reduction: A randomised trial of a virtual human, teletherapy, and a chatbot | F83: 2023 11th International Conference on Affective Computing and Intelligent Interaction Workshops and Demos, ACIIW 2023 | G83: Conference paper | H83: MBSR by virtual human, teletherapist or chatbot | I83: Student stress | J83: University students | K83: Mindfulness-based stress reduction | L83: Scripted | M83: ECA vs text | N83: RCT | O83: 108 | P83: 1 session + 4 weeks homework | Q83: Teletherapy + chatbot | R83: PSS; mindfulness; physiology; adherence | S83: Mixed | T83: All arms improved; virtual human raised homework adherence | U83: 10.1109/aciiw59127.2023.10388195 | V83: U10908_Karhiy_2023.pdf
A84: U11120 | C84: Matheson | D84: 2023 | E84: Using Chatbot Technology to Improve Brazilian Adolescents’ Body Image and Mental Health at Scale: Randomized Controlled Trial | F84: JMIR mHealth and uHealth | G84: Journal article | H84: Body image chatbot | I84: Body image and well-being | J84: Adolescents, Brazil | K84: CBT-based microinterventions | L84: Rule-based | M84: Text | N84: RCT | O84: 1715 | P84: NR; 1-month follow-up | Q84: Assessment only | R84: State and trait body image; well-being | S84: Favours CDS | T84: LMIC scale-up | U84: 10.2196/39934 | V84: U11120_Matheson_2023.pdf
A85: U11130 | C85: Jeong | D85: 2023 | E85: Virtual Agents in Internet-Based Cognitive Behavioral Therapy: Enhancing Engagement and Alleviating Depression | F85: Proceedings - 2023 IEEE International Conference on Agents, ICA 2023 | G85: Conference paper | H85: Virtual agent in iCBT | I85: Depression | J85: Adults | K85: CBT | L85: Scripted | M85: ECA | N85: Controlled experiment | O85: 80 | P85: 2 weeks | Q85: Same content without agent | R85: PHQ-9; engagement | S85: Favours CDS | T85: Short paper | U85: 10.1109/ica58824.2023.00019 | V85: U11130_Jeong_2023.pdf
A86: U11228 | C86: Liu | D86: 2022 | E86: Assessing the Effectiveness of Using Chatbots for Positive Psychological Intervention: A Randomized Control Study | F86: ACM International Conference Proceeding Series | G86: Conference paper | H86: Chatbot positive psychology interventions | I86: Well-being | J86: Adults | K86: Positive psychology | L86: Rule-based | M86: Text | N86: Randomised experiments (2) | O86: 154 | P86: NR | Q86: Control groups | R86: Subjective well-being; depression; anxiety; resilience | S86: Mixed | T86: Interaction mattered more than adaptiveness | U86: 10.1145/3565698.3565789 | V86: U11228_Liu_2022.pdf
A87: U11229 | C87: Danieli | D87: 2022 | E87: Assessing the Impact of Conversational Artificial Intelligence in the Treatment of Stress and Anxiety in Aging Adults: Randomized Controlled Trial | F87: JMIR Mental Health | G87: Journal article | H87: TEO | I87: Stress and anxiety in ageing workers | J87: Workers aged >55 | K87: CBT | L87: Hybrid (NLU + scripted) | M87: Voice/text | N87: RCT (4 arms) | O87: NR | P87: 8 weeks | Q87: Therapy alone + waitlist | R87: Anxiety; stress; depression | S87: Mixed | T87: Agent mainly added value combined with therapy | U87: 10.2196/38067 | V87: U11229_Danieli_2022.pdf
A88: U11248 | C88: He | D88: 2022 | E88: Can chatbots help to motivate smoking cessation? A study on the effectiveness of motivational interviewing on engagement and therapeutic alliance | F88: BMC Public Health | G88: Journal article | H88: MI-style smoking chatbot | I88: Smoking cessation | J88: Smokers | K88: Motivational interviewing | L88: Scripted | M88: Text | N88: Randomised experiment | O88: 153 | P88: 2 sessions | Q88: Neutral chatbot | R88: Engagement; alliance; empathy; motivation to quit | S88: No difference | T88: Motivation increased in both arms | U88: 10.1186/s12889-022-13115-x | V88: U11248_He_2022.pdf
A89: U11260 | C89: Nicol | D89: 2022 | E89: Chatbot-Delivered Cognitive Behavioral Therapy in Adolescents With Depression and Anxiety During the COVID-19 Pandemic: Feasibility and Acceptability Study | F89: JMIR Formative Research | G89: Journal article | H89: CBT app with embedded CA (primary care) | I89: Adolescent depression | J89: Adolescents 13-17 | K89: CBT | L89: Hybrid (NLP + scripted) | M89: Text | N89: Pilot RCT | O89: NR | P89: 12 weeks | Q89: Waitlist | R89: PHQ-9; acceptability; usability | S89: Feasibility only | T89: Implementation barriers in primary care | U89: 10.2196/40242 | V89: U11260_Nicol_2022.pdf
A90: U11267 | C90: Rubin | D90: 2022 | E90: Computerized Relational Agent to Deliver Alcohol Brief Intervention and Referral to Treatment in Primary Care: a Randomized Clinical Trial | F90: Journal of General Internal Medicine | G90: Journal article | H90: Relational agent for alcohol SBIRT | I90: Alcohol use | J90: Veterans in primary care | K90: Screening, brief intervention, referral (MI-informed) | L90: Scripted | M90: ECA | N90: RCT | O90: 178 | P90: 2 visits; 3-month follow-up | Q90: TAU | R90: Drinks per day; drinking days; referrals | S90: No difference | T90: Drinking fell in both arms | U90: 10.1007/s11606-021-06945-9 | V90: U11267_Rubin_2022.pdf
A91: U11327 | C91: Philip | D91: 2022 | E91: Efficacy of a Smartphone-Based Virtual Companion to Treat Insomniac Complaints in the General Population: Sleep Diary Monitoring Versus an Internet Autonomous Intervention | F91: Journal of Clinical Medicine | G91: Journal article | H91: KANOPEE | I91: Insomnia | J91: General population, France | K91: CBT-I (behavioural) | L91: Scripted | M91: ECA | N91: Non-randomised controlled (app comparison) | O91: 1024 | P91: 17 days | Q91: Sleep diary app | R91: Insomnia Severity Index; sleep parameters | S91: Favours CDS | T91: Real-world, no clinician involvement | U91: 10.3390/jcm11154387 | V91: U11327_Philip_2022.pdf
A92: U11336 | C92: Liu | D92: 2022 | E92: Enhancing Psychological Resilience with Chatbot-Based Cognitive Behavior Therapy: A Randomized Control Pilot Study | F92: ACM International Conference Proceeding Series | G92: Conference paper | H92: Philobot | I92: Psychological resilience | J92: Adults | K92: CBT | L92: Hybrid | M92: Text | N92: Randomised pilot | O92: 107 | P92: 4 days | Q92: CBT reading | R92: Resilience | S92: No difference | T92: Within-group gain only | U92: 10.1145/3565698.3565787 | V92: U11336_Liu_2022.pdf
A93: U11407 | C93: He | D93: 2022 | E93: Mental Health Chatbot for Young Adults With Depressive Symptoms During the COVID-19 Pandemic: Single-Blind, Three-Arm Randomized Controlled Trial | F93: Journal of Medical Internet Research | G93: Journal article | H93: XiaoE | I93: Depression | J93: Young adults, China | K93: CBT | L93: Hybrid | M93: Text | N93: RCT (3 arms) | O93: 148 | P93: 1 week; 1-month follow-up | Q93: E-book + general chatbot (Xiaoai) | R93: PHQ-9; working alliance; usability | S93: Favours CDS | T93: Outperformed general-purpose chatbot | U93: 10.2196/40719 | V93: U11407_He_2022.pdf
A94: U11529 | C94: Liu | D94: 2022 | E94: Using AI chatbots to provide self-help depression interventions for university students: A randomized trial of effectiveness | F94: Internet Interventions | G94: Journal article | H94: Chatbot self-help for depression | I94: Depression | J94: University students, China | K94: CBT | L94: Hybrid | M94: Text | N94: RCT | O94: 83 | P94: 16 weeks | Q94: Bibliotherapy | R94: PHQ-9; GAD-7; PANAS; alliance | S94: Favours CDS | T94: Long follow-up | U94: 10.1016/j.invent.2022.100495 | V94: U11529_Liu_2022.pdf
A95: U11561 | C95: Loveys | D95: 2021 | E95: A Digital human for delivering a remote loneliness and stress intervention to at-risk younger and older adults during the COVID-19 pandemic: Randomized pilot trial | F95: JMIR Mental Health | G95: Journal article | H95: Digital human loneliness/stress intervention | I95: Loneliness and stress | J95: At-risk adults (COVID-19) | K95: CBT + positive psychology | L95: Scripted | M95: ECA | N95: Randomised pilot | O95: 30 | P95: 1 week | Q95: Waitlist | R95: Feasibility; loneliness; stress | S95: Feasibility only | T95: Older adults in retirement villages | U95: 10.2196/31586 | V95: U11561_Loveys_2021.pdf
A96: U11567 | C96: Prochaska | D96: 2021 | E96: A randomized controlled trial of a therapeutic relational agent for reducing substance misuse during the COVID-19 pandemic | F96: Drug and Alcohol Dependence | G96: Journal article | H96: Woebot-SUDs | I96: Substance misuse | J96: US adults | K96: CBT (+ MI, DBT) | L96: Hybrid (NLP + scripted) | M96: Text | N96: RCT | O96: 180 | P96: 8 weeks | Q96: Waitlist | R96: Substance use occasions; mood | S96: Favours CDS | T96: Mood outcomes unchanged | U96: 10.1016/j.drugalcdep.2021.108986 | V96: U11567_Prochaska_2021.pdf
A97: U11570 | C97: T. Akiyoshi | D97: 2021 | E97: A Robot That Encourages Self-Disclosure to Reduce Anger Mood | F97: IEEE Robotics and Automation Letters | G97: Journal article | H97: Column-method robot | I97: Anger mood | J97: Adults | K97: CBT column method | L97: Scripted | M97: Robot | N97: Controlled experiment | O97: NR | P97: Single session | Q97: Robot without proposed strategies | R97: Self-disclosure; anger | S97: Favours CDS | T97: Self-schema estimation weak | U97: 10.1109/lra.2021.3102326 | V97: U11570_Akiyoshi_2021.pdf
A98: U11572 | C98: Mauriello | D98: 2021 | E98: A suite of mobile conversational agents for daily stress management (popbots): Mixed methods exploratory study | F98: JMIR Formative Research | G98: Journal article | H98: Popbots | I98: Daily stress | J98: Adults | K98: Multiple CBT/behavioural micro-interventions | L98: Rule-based (shallow bots) | M98: Text | N98: Randomised comparison of bots | O98: 47 | P98: NR | Q98: Alternative bots | R98: Stress; PHQ-4 | S98: Mixed | T98: Preceded by Wizard-of-Oz study | U98: 10.2196/25294 | V98: U11572_Mauriello_2021.pdf
A99: U11597 | C99: Klos | D99: 2021 | E99: Artificial intelligence⇓based chatbot for anxiety and depression in university students: Pilot randomized controlled trial | F99: JMIR Formative Research | G99: Journal article | H99: Tess | I99: Anxiety and depression | J99: University students, Argentina | K99: Integrative (CBT, MI, SFBT, psychoeducation) | L99: Hybrid | M99: Text | N99: Pilot RCT | O99: 181 | P99: 8 weeks | Q99: Psychoeducation book | R99: PHQ-9; GAD-7 | S99: No difference | T99: High attrition; within-group anxiety decrease | U99: 10.2196/20678 | V99: U11597_Klos_2021.pdf
A100: U11636 | C100: Matsumoto | D100: 2021 | E100: Combined Use of Virtual Reality and a Chatbot Reduces Emotional Stress More Than Using Them Separately | F100: Journal of Universal Computer Science | G100: Journal article | H100: Digital-SAT (VR + chatbot) | I100: Emotional stress | J100: Nurses | K100: SAT stress-care counselling method | L100: Scripted | M100: VR + text | N100: Controlled intervention study | O100: 70 | P100: 4 weeks | Q100: VR or chatbot alone | R100: Emotional stress | S100: Favours CDS | T100: Combined use best | U100: 10.3897/jucs.77237 | V100: U11636_Matsumoto_2021.pdf
...

Sheet Level1_map
A1: Unique ID | B1: Title | C1: Year | D1: Period | E1: Document type | F1: Context (keyword) | G1: Population (keyword) | H1: Counselling approach (keyword) | I1: Dialogue technique (keyword) | J1: Modality (keyword) | K1: Evaluation design (keyword) | L1: Eligibility code | M1: In Level-2 synthesis
A2: U00006 | B2: Effects of AI-based chatbot coaching on goal attainment, self-efficacy, and stress: A longitudinal randomized experiment | C2: 2027 | D2: 2023-2026 | E2: Journal article | F2: Stress | G2: Students | H2: Coaching | I2: LLM / generative | J2: Text | K2: Randomised controlled (RCT or randomised experiment) | L2: I | M2: Yes
A3: U00032 | B3: "What Can I Control?": Designing an Attribution Reframing Chatbot for Early-Career Employees' Workplace Stress Management | C3: 2026 | D3: 2023-2026 | E3: Conference paper | F3: Stress | G3: Workers | H3: CBT | I3: LLM / generative | J3: VR / AR | K3: Usability / acceptability / qualitative | L3: N9 | M3: No
A4: U00070 | B4: A cognitive layer architecture to support large-language model performance in psychotherapy interactions | C4: 2026 | D4: 2023-2026 | E4: Journal article | F4: Well-being/positive | G4: Patients/clinical | H4: CBT | I4: LLM / generative | J4: Text | K4: Real-world use / log analysis | L4: N9 | M4: No
A5: U00091 | B5: A conversational agent as a virtual therapist for patients diagnosed with schizophrenia: A preliminary study | C5: 2026 | D5: 2023-2026 | E5: Journal article | F5: Relationships/conflict | G5: Patients/clinical | H5: CBT | I5: NLU / ML (hybrid) | J5: VR / AR | K5: Single-arm pre-post outcome study | L5: N10 | M5: No
A6: U00092 | B6: A Conversational Agent for Motivational Interviewing with Summary Prediction | C6: 2026 | D6: 2023-2026 | E6: Conference paper | F6: General mental health | G6: General adults | H6: Motivational interviewing | I6: Hybrid (rule + generative) | J6: Voice | K6: Experiment on perceptions or design variants | L6: N9 | M6: No
A7: U00135 | B7: A guided chatbot-based psychological intervention for psychologically distressed older adolescents and young adults: a randomised clinical trial in Jordan | C7: 2026 | D7: 2023-2026 | E7: Journal article | F7: General mental health | G7: General adults | H7: CBT | I7: Rule-based / scripted | J7: Text | K7: Randomised controlled (RCT or randomised experiment) | L7: I | M7: Yes
A8: U00249 | B8: A Robot-Led Intervention for Emotion Regulation: from Expression to Reappraisal | C8: 2026 | D8: 2023-2026 | E8: Journal article | F8: Depression/anxiety | G8: Students | H8: CBT | I8: Hybrid (rule + generative) | J8: Robot | K8: Single-arm pre-post outcome study | L8: N10 | M8: No
A9: U00267 | B9: A Social Affective Robot for Emotion Regulation to Mitigate Procrastination in Adolescents | C9: 2026 | D9: 2023-2026 | E9: Conference paper | F9: Depression/anxiety | G9: Students | H9: Person-centred / helping skills | I9: Not reported | J9: Robot | K9: Experiment on perceptions or design variants | L9: N9 | M9: No
A10: U00270 | B10: A staged approach to the development of an embodied conversational agent to support wellbeing after injury | C10: 2026 | D10: 2023-2026 | E10: Journal article | F10: Well-being/positive | G10: Students | H10: Other named approach | I10: Not reported | J10: Embodied virtual agent | K10: Real-world use / log analysis | L10: N9 | M10: No
A11: U00300 | B11: A Therapeutic Conversational Agent (Solace) for Management of Chronic Pain: Acceptability and Usability Study | C11: 2026 | D11: 2023-2026 | E11: Journal article | F11: Depression/anxiety | G11: Patients/clinical | H11: CBT | I11: Hybrid (rule + generative) | J11: Text | K11: Single-arm pre-post outcome study | L11: N10 | M11: No
A12: U00367 | B12: Addressing Low Self Esteem in Pakistani University Students via an Embodied Conversational Agent | C12: 2026 | D12: 2023-2026 | E12: Conference paper | F12: General mental health | G12: Students | H12: CBT | I12: Rule-based / scripted | J12: Embodied virtual agent | K12: Single-arm pre-post outcome study | L12: N10 | M12: No
A13: U00380 | B13: Advanced robot interfaces are unnecessary for effective psychological health interventions | C13: 2026 | D13: 2023-2026 | E13: Journal article | F13: Depression/anxiety | G13: General adults | H13: CBT | I13: Rule-based / scripted | J13: Robot | K13: Randomised controlled (RCT or randomised experiment) | L13: I | M13: Yes
... A336: U12464 | B336: Can a virtual listener replace a human listener in active listening conversation? | C336: 2015 | D336: 2012-2016 | E336: Conference paper | F336: General mental health | G336: Older adults | H336: Person-centred / helping skills | I336: Not reported | J336: Embodied virtual agent | K336: Experiment on perceptions or design variants | L336: N9 | M336: No

Sheet Trends_RQ1
A1: Year | B1: Core retrieved (IC5) | C1: Eligible CDS evaluations (IC5-IC8, Level-1) | D1: Final synthesis (IC5-IC10, Level-2)
A2: 2012 | B2: =COUNTIF(Eligibility_core!D:D,A2) -> 5 | C2: =COUNTIFS(Eligibility_core!D:D,A2,Eligibility_core!L:L,"Yes") -> 0 | D2: =COUNTIFS(Eligibility_core!D:D,A2,Eligibility_core!M:M,"Yes") -> 0
A3: 2013 | B3: =COUNTIF(Eligibility_core!D:D,A3) -> 5 | C3: =COUNTIFS(Eligibility_core!D:D,A3,Eligibility_core!L:L,"Yes") -> 0 | D3: =COUNTIFS(Eligibility_core!D:D,A3,Eligibility_core!M:M,"Yes") -> 0
A4: 2014 | B4: =COUNTIF(Eligibility_core!D:D,A4) -> 2 | C4: =COUNTIFS(Eligibility_core!D:D,A4,Eligibility_core!L:L,"Yes") -> 0 | D4: =COUNTIFS(Eligibility_core!D:D,A4,Eligibility_core!M:M,"Yes") -> 0
A5: 2015 | B5: =COUNTIF(Eligibility_core!D:D,A5) -> 2 | C5: =COUNTIFS(Eligibility_core!D:D,A5,Eligibility_core!L:L,"Yes") -> 2 | D5: =COUNTIFS(Eligibility_core!D:D,A5,Eligibility_core!M:M,"Yes") -> 0
A6: 2016 | B6: =COUNTIF(Eligibility_core!D:D,A6) -> 5 | C6: =COUNTIFS(Eligibility_core!D:D,A6,Eligibility_core!L:L,"Yes") -> 4 | D6: =COUNTIFS(Eligibility_core!D:D,A6,Eligibility_core!M:M,"Yes") -> 2
A7: 2017 | B7: =COUNTIF(Eligibility_core!D:D,A7) -> 12 | C7: =COUNTIFS(Eligibility_core!D:D,A7,Eligibility_core!L:L,"Yes") -> 5 | D7: =COUNTIFS(Eligibility_core!D:D,A7,Eligibility_core!M:M,"Yes") -> 2
A8: 2018 | B8: =COUNTIF(Eligibility_core!D:D,A8) -> 21 | C8: =COUNTIFS(Eligibility_core!D:D,A8,Eligibility_core!L:L,"Yes") -> 5 | D8: =COUNTIFS(Eligibility_core!D:D,A8,Eligibility_core!M:M,"Yes") -> 2
A9: 2019 | B9: =COUNTIF(Eligibility_core!D:D,A9) -> 21 | C9: =COUNTIFS(Eligibility_core!D:D,A9,Eligibility_core!L:L,"Yes") -> 12 | D9: =COUNTIFS(Eligibility_core!D:D,A9,Eligibility_core!M:M,"Yes") -> 3
A10: 2020 | B10: =COUNTIF(Eligibility_core!D:D,A10) -> 43 | C10: =COUNTIFS(Eligibility_core!D:D,A10,Eligibility_core!L:L,"Yes") -> 14 | D10: =COUNTIFS(Eligibility_core!D:D,A10,Eligibility_core!M:M,"Yes") -> 6
A11: 2021 | B11: =COUNTIF(Eligibility_core!D:D,A11) -> 73 | C11: =COUNTIFS(Eligibility_core!D:D,A11,Eligibility_core!L:L,"Yes") -> 24 | D11: =COUNTIFS(Eligibility_core!D:D,A11,Eligibility_core!M:M,"Yes") -> 7
A12: 2022 | B12: =COUNTIF(Eligibility_core!D:D,A12) -> 74 | C12: =COUNTIFS(Eligibility_core!D:D,A12,Eligibility_core!L:L,"Yes") -> 30 | D12: =COUNTIFS(Eligibility_core!D:D,A12,Eligibility_core!M:M,"Yes") -> 9
A13: 2023 | B13: =COUNTIF(Eligibility_core!D:D,A13) -> 109 | C13: =COUNTIFS(Eligibility_core!D:D,A13,Eligibility_core!L:L,"Yes") -> 32 | D13: =COUNTIFS(Eligibility_core!D:D,A13,Eligibility_core!M:M,"Yes") -> 12
... A17: 2027 | B17: =COUNTIF(Eligibility_core!D:D,A17) -> 1 | C17: =COUNTIFS(Eligibility_core!D:D,A17,Eligibility_core!L:L,"Yes") -> 1 | D17: =COUNTIFS(Eligibility_core!D:D,A17,Eligibility_core!M:M,"Yes") -> 1
A18: Total | B18: =SUM(B2:B17) -> 1642 | C18: =SUM(C2:C17) -> 335 | D18: =SUM(D2:D17) -> 115
A20: Note: 2027 = early-access articles dated 2027 in the databases.

Sheet Map_summary
A1: Dimension | B1: Category | C1: Level-1 eligible (n) | D1: Level-1 % | E1: Level-2 final (n) | F1: Level-2 %
A2: Counselling approach | B2: CBT | C2: =COUNTIF(Level1_map!H:H,B2) -> 148 | D2: =C2/(COUNTA(Level1_map!A:A)-1) -> 0.44179104 | E2: =COUNTIFS(Level1_map!H:H,B2,Level1_map!M:M,"Yes") -> 70 | F2: =E2/COUNTIF(Level1_map!M:M,"Yes") -> 0.60869565
A3: Counselling approach | B3: Motivational interviewing | C3: =COUNTIF(Level1_map!H:H,B3) -> 37 | D3: =C3/(COUNTA(Level1_map!A:A)-1) -> 0.11044776 | E3: =COUNTIFS(Level1_map!H:H,B3,Level1_map!M:M,"Yes") -> 10 | F3: =E3/COUNTIF(Level1_map!M:M,"Yes") -> 0.086956522
A4: Counselling approach | B4: Other named approach | C4: =COUNTIF(Level1_map!H:H,B4) -> 26 | D4: =C4/(COUNTA(Level1_map!A:A)-1) -> 0.07761194 | E4: =COUNTIFS(Level1_map!H:H,B4,Level1_map!M:M,"Yes") -> 4 | F4: =E4/COUNTIF(Level1_map!M:M,"Yes") -> 0.034782609
A5: Counselling approach | B5: Positive psychology | C5: =COUNTIF(Level1_map!H:H,B5) -> 26 | D5: =C5/(COUNTA(Level1_map!A:A)-1) -> 0.07761194 | E5: =COUNTIFS(Level1_map!H:H,B5,Level1_map!M:M,"Yes") -> 7 | F5: =E5/COUNTIF(Level1_map!M:M,"Yes") -> 0.060869565
A6: Counselling approach | B6: Person-centred / helping skills | C6: =COUNTIF(Level1_map!H:H,B6) -> 24 | D6: =C6/(COUNTA(Level1_map!A:A)-1) -> 0.071641791 | E6: =COUNTIFS(Level1_map!H:H,B6,Level1_map!M:M,"Yes") -> 7 | F6: =E6/COUNTIF(Level1_map!M:M,"Yes") -> 0.060869565
A7: Counselling approach | B7: Mindfulness | C7: =COUNTIF(Level1_map!H:H,B7) -> 21 | D7: =C7/(COUNTA(Level1_map!A:A)-1) -> 0.062686567 | E7: =COUNTIFS(Level1_map!H:H,B7,Level1_map!M:M,"Yes") -> 4 | F7: =E7/COUNTIF(Level1_map!M:M,"Yes") -> 0.034782609
A8: Counselling approach | B8: Coaching | C8: =COUNTIF(Level1_map!H:H,B8) -> 17 | D8: =C8/(COUNTA(Level1_map!A:A)-1) -> 0.050746269 | E8: =COUNTIFS(Level1_map!H:H,B8,Level1_map!M:M,"Yes") -> 3 | F8: =E8/COUNTIF(Level1_map!M:M,"Yes") -> 0.026086957
A9: Counselling approach | B9: Exposure | C9: =COUNTIF(Level1_map!H:H,B9) -> 11 | D9: =C9/(COUNTA(Level1_map!A:A)-1) -> 0.032835821 | E9: =COUNTIFS(Level1_map!H:H,B9,Level1_map!M:M,"Yes") -> 1 | F9: =E9/COUNTIF(Level1_map!M:M,"Yes") -> 0.0086956522
A10: Counselling approach | B10: ACT | C10: =COUNTIF(Level1_map!H:H,B10) -> 5 | D10: =C10/(COUNTA(Level1_map!A:A)-1) -> 0.014925373 | E10: =COUNTIFS(Level1_map!H:H,B10,Level1_map!M:M,"Yes") -> 3 | F10: =E10/COUNTIF(Level1_map!M:M,"Yes") -> 0.026086957
A11: Counselling approach | B11: Behavioural activation | C11: =COUNTIF(Level1_map!H:H,B11) -> 5 | D11: =C11/(COUNTA(Level1_map!A:A)-1) -> 0.014925373 | E11: =COUNTIFS(Level1_map!H:H,B11,Level1_map!M:M,"Yes") -> 0 | F11: =E11/COUNTIF(Level1_map!M:M,"Yes") -> 0
A12: Counselling approach | B12: Psychoeducation | C12: =COUNTIF(Level1_map!H:H,B12) -> 5 | D12: =C12/(COUNTA(Level1_map!A:A)-1) -> 0.014925373 | E12: =COUNTIFS(Level1_map!H:H,B12,Level1_map!M:M,"Yes") -> 0 | F12: =E12/COUNTIF(Level1_map!M:M,"Yes") -> 0
A13: Counselling approach | B13: Self-compassion | C13: =COUNTIF(Level1_map!H:H,B13) -> 4 | D13: =C13/(COUNTA(Level1_map!A:A)-1) -> 0.011940299 | E13: =COUNTIFS(Level1_map!H:H,B13,Level1_map!M:M,"Yes") -> 2 | F13: =E13/COUNTIF(Level1_map!M:M,"Yes") -> 0.017391304
... A16: Counselling approach | B16: DBT | C16: =COUNTIF(Level1_map!H:H,B16) -> 1 | D16: =C16/(COUNTA(Level1_map!A:A)-1) -> 0.0029850746 | E16: =COUNTIFS(Level1_map!H:H,B16,Level1_map!M:M,"Yes") -> 0 | F16: =E16/COUNTIF(Level1_map!M:M,"Yes") -> 0
A17: Dialogue technique | B17: Rule-based / scripted | C17: =COUNTIF(Level1_map!I:I,B17) -> 105 | D17: =C17/(COUNTA(Level1_map!A:A)-1) -> 0.31343284 | E17: =COUNTIFS(Level1_map!I:I,B17,Level1_map!M:M,"Yes") -> 58 | F17: =E17/COUNTIF(Level1_map!M:M,"Yes") -> 0.50434783
A18: Dialogue technique | B18: NLU / ML (hybrid) | C18: =COUNTIF(Level1_map!I:I,B18) -> 74 | D18: =C18/(COUNTA(Level1_map!A:A)-1) -> 0.22089552 | E18: =COUNTIFS(Level1_map!I:I,B18,Level1_map!M:M,"Yes") -> 18 | F18: =E18/COUNTIF(Level1_map!M:M,"Yes") -> 0.15652174
A19: Dialogue technique | B19: LLM / generative | C19: =COUNTIF(Level1_map!I:I,B19) -> 67 | D19: =C19/(COUNTA(Level1_map!A:A)-1) -> 0.2 | E19: =COUNTIFS(Level1_map!I:I,B19,Level1_map!M:M,"Yes") -> 31 | F19: =E19/COUNTIF(Level1_map!M:M,"Yes") -> 0.26956522
A20: Dialogue technique | B20: Hybrid (rule + generative) | C20: =COUNTIF(Level1_map!I:I,B20) -> 46 | D20: =C20/(COUNTA(Level1_map!A:A)-1) -> 0.13731343 | E20: =COUNTIFS(Level1_map!I:I,B20,Level1_map!M:M,"Yes") -> 6 | F20: =E20/COUNTIF(Level1_map!M:M,"Yes") -> 0.052173913
A21: Dialogue technique | B21: Not reported | C21: =COUNTIF(Level1_map!I:I,B21) -> 34 | D21: =C21/(COUNTA(Level1_map!A:A)-1) -> 0.10149254 | E21: =COUNTIFS(Level1_map!I:I,B21,Level1_map!M:M,"Yes") -> 0 | F21: =E21/COUNTIF(Level1_map!M:M,"Yes") -> 0
A22: Dialogue technique | B22: Wizard-of-Oz | C22: =COUNTIF(Level1_map!I:I,B22) -> 9 | D22: =C22/(COUNTA(Level1_map!A:A)-1) -> 0.026865672 | E22: =COUNTIFS(Level1_map!I:I,B22,Level1_map!M:M,"Yes") -> 2 | F22: =E22/COUNTIF(Level1_map!M:M,"Yes") -> 0.017391304
A23: Modality | B23: Text | C23: =COUNTIF(Level1_map!J:J,B23) -> 211 | D23: =C23/(COUNTA(Level1_map!A:A)-1) -> 0.62985075 | E23: =COUNTIFS(Level1_map!J:J,B23,Level1_map!M:M,"Yes") -> 81 | F23: =E23/COUNTIF(Level1_map!M:M,"Yes") -> 0.70434783
A24: Modality | B24: Embodied virtual agent | C24: =COUNTIF(Level1_map!J:J,B24) -> 55 | D24: =C24/(COUNTA(Level1_map!A:A)-1) -> 0.1641791 | E24: =COUNTIFS(Level1_map!J:J,B24,Level1_map!M:M,"Yes") -> 17 | F24: =E24/COUNTIF(Level1_map!M:M,"Yes") -> 0.14782609
A25: Modality | B25: Robot | C25: =COUNTIF(Level1_map!J:J,B25) -> 27 | D25: =C25/(COUNTA(Level1_map!A:A)-1) -> 0.080597015 | E25: =COUNTIFS(Level1_map!J:J,B25,Level1_map!M:M,"Yes") -> 6 | F25: =E25/COUNTIF(Level1_map!M:M,"Yes") -> 0.052173913
A26: Modality | B26: VR / AR | C26: =COUNTIF(Level1_map!J:J,B26) -> 22 | D26: =C26/(COUNTA(Level1_map!A:A)-1) -> 0.065671642 | E26: =COUNTIFS(Level1_map!J:J,B26,Level1_map!M:M,"Yes") -> 5 | F26: =E26/COUNTIF(Level1_map!M:M,"Yes") -> 0.043478261
A27: Modality | B27: Voice | C27: =COUNTIF(Level1_map!J:J,B27) -> 18 | D27: =C27/(COUNTA(Level1_map!A:A)-1) -> 0.053731343 | E27: =COUNTIFS(Level1_map!J:J,B27,Level1_map!M:M,"Yes") -> 4 | F27: =E27/COUNTIF(Level1_map!M:M,"Yes") -> 0.034782609
A28: Modality | B28: Multimodal / tangible | C28: =COUNTIF(Level1_map!J:J,B28) -> 2 | D28: =C28/(COUNTA(Level1_map!A:A)-1) -> 0.0059701493 | E28: =COUNTIFS(Level1_map!J:J,B28,Level1_map!M:M,"Yes") -> 2 | F28: =E28/COUNTIF(Level1_map!M:M,"Yes") -> 0.017391304
A29: Context | B29: Depression/anxiety | C29: =COUNTIF(Level1_map!F:F,B29) -> 128 | D29: =C29/(COUNTA(Level1_map!A:A)-1) -> 0.38208955 | E29: =COUNTIFS(Level1_map!F:F,B29,Level1_map!M:M,"Yes") -> 37 | F29: =E29/COUNTIF(Level1_map!M:M,"Yes") -> 0.32173913
A30: Context | B30: General mental health | C30: =COUNTIF(Level1_map!F:F,B30) -> 66 | D30: =C30/(COUNTA(Level1_map!A:A)-1) -> 0.19701493 | E30: =COUNTIFS(Level1_map!F:F,B30,Level1_map!M:M,"Yes") -> 24 | F30: =E30/COUNTIF(Level1_map!M:M,"Yes") -> 0.20869565
A31: Context | B31: Well-being/positive | C31: =COUNTIF(Level1_map!F:F,B31) -> 39 | D31: =C31/(COUNTA(Level1_map!A:A)-1) -> 0.11641791 | E31: =COUNTIFS(Level1_map!F:F,B31,Level1_map!M:M,"Yes") -> 13 | F31: =E31/COUNTIF(Level1_map!M:M,"Yes") -> 0.11304348
A32: Context | B32: Stress | C32: =COUNTIF(Level1_map!F:F,B32) -> 34 | D32: =C32/(COUNTA(Level1_map!A:A)-1) -> 0.10149254 | E32: =COUNTIFS(Level1_map!F:F,B32,Level1_map!M:M,"Yes") -> 15 | F32: =E32/COUNTIF(Level1_map!M:M,"Yes") -> 0.13043478
A33: Context | B33: Substance use/smoking | C33: =COUNTIF(Level1_map!F:F,B33) -> 23 | D33: =C33/(COUNTA(Level1_map!A:A)-1) -> 0.068656716 | E33: =COUNTIFS(Level1_map!F:F,B33,Level1_map!M:M,"Yes") -> 11 | F33: =E33/COUNTIF(Level1_map!M:M,"Yes") -> 0.095652174
A34: Context | B34: Relationships/conflict | C34: =COUNTIF(Level1_map!F:F,B34) -> 12 | D34: =C34/(COUNTA(Level1_map!A:A)-1) -> 0.035820896 | E34: =COUNTIFS(Level1_map!F:F,B34,Level1_map!M:M,"Yes") -> 2 | F34: =E34/COUNTIF(Level1_map!M:M,"Yes") -> 0.017391304
A35: Context | B35: Health behaviour/chronic illness | C35: =COUNTIF(Level1_map!F:F,B35) -> 8 | D35: =C35/(COUNTA(Level1_map!A:A)-1) -> 0.023880597 | E35: =COUNTIFS(Level1_map!F:F,B35,Level1_map!M:M,"Yes") -> 7 | F35: =E35/COUNTIF(Level1_map!M:M,"Yes") -> 0.060869565
A36: Context | B36: Career/academic | C36: =COUNTIF(Level1_map!F:F,B36) -> 6 | D36: =C36/(COUNTA(Level1_map!A:A)-1) -> 0.017910448 | E36: =COUNTIFS(Level1_map!F:F,B36,Level1_map!M:M,"Yes") -> 3 | F36: =E36/COUNTIF(Level1_map!M:M,"Yes") -> 0.026086957
A37: Context | B37: Eating/body image | C37: =COUNTIF(Level1_map!F:F,B37) -> 6 | D37: =C37/(COUNTA(Level1_map!A:A)-1) -> 0.017910448 | E37: =COUNTIFS(Level1_map!F:F,B37,Level1_map!M:M,"Yes") -> 1 | F37: =E37/COUNTIF(Level1_map!M:M,"Yes") -> 0.0086956522
A38: Context | B38: Trauma/suicide/crisis | C38: =COUNTIF(Level1_map!F:F,B38) -> 5 | D38: =C38/(COUNTA(Level1_map!A:A)-1) -> 0.014925373 | E38: =COUNTIFS(Level1_map!F:F,B38,Level1_map!M:M,"Yes") -> 0 | F38: =E38/COUNTIF(Level1_map!M:M,"Yes") -> 0
A39: Context | B39: Sleep | C39: =COUNTIF(Level1_map!F:F,B39) -> 4 | D39: =C39/(COUNTA(Level1_map!A:A)-1) -> 0.011940299 | E39: =COUNTIFS(Level1_map!F:F,B39,Level1_map!M:M,"Yes") -> 1 | F39: =E39/COUNTIF(Level1_map!M:M,"Yes") -> 0.0086956522
A40: Context | B40: Loneliness/social | C40: =COUNTIF(Level1_map!F:F,B40) -> 4 | D40: =C40/(COUNTA(Level1_map!A:A)-1) -> 0.011940299 | E40: =COUNTIFS(Level1_map!F:F,B40,Level1_map!M:M,"Yes") -> 1 | F40: =E40/COUNTIF(Level1_map!M:M,"Yes") -> 0.0086956522
A41: Population | B41: General adults | C41: =COUNTIF(Level1_map!G:G,B41) -> 127 | D41: =C41/(COUNTA(Level1_map!A:A)-1) -> 0.37910448 | E41: =COUNTIFS(Level1_map!G:G,B41,Level1_map!M:M,"Yes") -> 64 | F41: =E41/COUNTIF(Level1_map!M:M,"Yes") -> 0.55652174
A42: Population | B42: Students | C42: =COUNTIF(Level1_map!G:G,B42) -> 68 | D42: =C42/(COUNTA(Level1_map!A:A)-1) -> 0.20298507 | E42: =COUNTIFS(Level1_map!G:G,B42,Level1_map!M:M,"Yes") -> 26 | F42: =E42/COUNTIF(Level1_map!M:M,"Yes") -> 0.22608696
A43: Population | B43: Patients/clinical | C43: =COUNTIF(Level1_map!G:G,B43) -> 51 | D43: =C43/(COUNTA(Level1_map!A:A)-1) -> 0.15223881 | E43: =COUNTIFS(Level1_map!G:G,B43,Level1_map!M:M,"Yes") -> 7 | F43: =E43/COUNTIF(Level1_map!M:M,"Yes") -> 0.060869565
A44: Population | B44: Older adults | C44: =COUNTIF(Level1_map!G:G,B44) -> 42 | D44: =C44/(COUNTA(Level1_map!A:A)-1) -> 0.12537313 | E44: =COUNTIFS(Level1_map!G:G,B44,Level1_map!M:M,"Yes") -> 4 | F44: =E44/COUNTIF(Level1_map!M:M,"Yes") -> 0.034782609
A45: Population | B45: Adolescents/youth | C45: =COUNTIF(Level1_map!G:G,B45) -> 28 | D45: =C45/(COUNTA(Level1_map!A:A)-1) -> 0.08358209 | E45: =COUNTIFS(Level1_map!G:G,B45,Level1_map!M:M,"Yes") -> 5 | F45: =E45/COUNTIF(Level1_map!M:M,"Yes") -> 0.043478261
A46: Population | B46: Workers | C46: =COUNTIF(Level1_map!G:G,B46) -> 15 | D46: =C46/(COUNTA(Level1_map!A:A)-1) -> 0.044776119 | E46: =COUNTIFS(Level1_map!G:G,B46,Level1_map!M:M,"Yes") -> 7 | F46: =E46/COUNTIF(Level1_map!M:M,"Yes") -> 0.060869565
A47: Population | B47: Perinatal/parents | C47: =COUNTIF(Level1_map!G:G,B47) -> 4 | D47: =C47/(COUNTA(Level1_map!A:A)-1) -> 0.011940299 | E47: =COUNTIFS(Level1_map!G:G,B47,Level1_map!M:M,"Yes") -> 2 | F47: =E47/COUNTIF(Level1_map!M:M,"Yes") -> 0.017391304
A48: Evaluation design | B48: Randomised controlled (RCT or randomised experiment) | C48: =COUNTIF(Level1_map!K:K,B48) -> 86 | D48: =C48/(COUNTA(Level1_map!A:A)-1) -> 0.25671642 | E48: =COUNTIFS(Level1_map!K:K,B48,Level1_map!M:M,"Yes") -> 86 | F48: =E48/COUNTIF(Level1_map!M:M,"Yes") -> 0.74782609
A49: Evaluation design | B49: Usability / acceptability / qualitative | C49: =COUNTIF(Level1_map!K:K,B49) -> 83 | D49: =C49/(COUNTA(Level1_map!A:A)-1) -> 0.24776119 | E49: =COUNTIFS(Level1_map!K:K,B49,Level1_map!M:M,"Yes") -> 0 | F49: =E49/COUNTIF(Level1_map!M:M,"Yes") -> 0
A50: Evaluation design | B50: Single-arm pre-post outcome study | C50: =COUNTIF(Level1_map!K:K,B50) -> 76 | D50: =C50/(COUNTA(Level1_map!A:A)-1) -> 0.22686567 | E50: =COUNTIFS(Level1_map!K:K,B50,Level1_map!M:M,"Yes") -> 0 | F50: =E50/COUNTIF(Level1_map!M:M,"Yes") -> 0
A51: Evaluation design | B51: Experiment on perceptions or design variants | C51: =COUNTIF(Level1_map!K:K,B51) -> 42 | D51: =C51/(COUNTA(Level1_map!A:A)-1) -> 0.12537313 | E51: =COUNTIFS(Level1_map!K:K,B51,Level1_map!M:M,"Yes") -> 0 | F51: =E51/COUNTIF(Level1_map!M:M,"Yes") -> 0
A52: Evaluation design | B52: Non-randomised controlled comparison | C52: =COUNTIF(Level1_map!K:K,B52) -> 29 | D52: =C52/(COUNTA(Level1_map!A:A)-1) -> 0.086567164 | E52: =COUNTIFS(Level1_map!K:K,B52,Level1_map!M:M,"Yes") -> 29 | F52: =E52/COUNTIF(Level1_map!M:M,"Yes") -> 0.25217391
A53: Evaluation design | B53: Real-world use / log analysis | C53: =COUNTIF(Level1_map!K:K,B53) -> 19 | D53: =C53/(COUNTA(Level1_map!A:A)-1) -> 0.056716418 | E53: =COUNTIFS(Level1_map!K:K,B53,Level1_map!M:M,"Yes") -> 0 | F53: =E53/COUNTIF(Level1_map!M:M,"Yes") -> 0
A54: Period | B54: 2012-2016 | C54: =COUNTIF(Level1_map!D:D,B54) -> 6 | D54: =C54/(COUNTA(Level1_map!A:A)-1) -> 0.017910448 | E54: =COUNTIFS(Level1_map!D:D,B54,Level1_map!M:M,"Yes") -> 2 | F54: =E54/COUNTIF(Level1_map!M:M,"Yes") -> 0.017391304
A55: Period | B55: 2017-2019 | C55: =COUNTIF(Level1_map!D:D,B55) -> 22 | D55: =C55/(COUNTA(Level1_map!A:A)-1) -> 0.065671642 | E55: =COUNTIFS(Level1_map!D:D,B55,Level1_map!M:M,"Yes") -> 7 | F55: =E55/COUNTIF(Level1_map!M:M,"Yes") -> 0.060869565
A56: Period | B56: 2020-2022 | C56: =COUNTIF(Level1_map!D:D,B56) -> 68 | D56: =C56/(COUNTA(Level1_map!A:A)-1) -> 0.20298507 | E56: =COUNTIFS(Level1_map!D:D,B56,Level1_map!M:M,"Yes") -> 22 | F56: =E56/COUNTIF(Level1_map!M:M,"Yes") -> 0.19130435
A57: Period | B57: 2023-2026 | C57: =COUNTIF(Level1_map!D:D,B57) -> 239 | D57: =C57/(COUNTA(Level1_map!A:A)-1) -> 0.71343284 | E57: =COUNTIFS(Level1_map!D:D,B57,Level1_map!M:M,"Yes") -> 84 | F57: =E57/COUNTIF(Level1_map!M:M,"Yes") -> 0.73043478
A59: Level-2 extraction (manual coding) | B59: Main result vs comparator | C59: n
B60: Favours CDS | C60: =COUNTIF(Final_set_extraction!S:S,B60) -> 68
B61: Mixed | C61: =COUNTIF(Final_set_extraction!S:S,B61) -> 27
B62: No difference | C62: =COUNTIF(Final_set_extraction!S:S,B62) -> 13
B63: Feasibility only | C63: =COUNTIF(Final_set_extraction!S:S,B63) -> 7
B64: Note: Level-1 columns are keyword codes from titles/abstracts (check by hand); Level-2 coding is manual (Final_set_extraction).

Sheet Codes
A1: Code | B1: Meaning
A2: I | B2: Included (Level-2 synthesis)
A3: N6 | B3: Excluded IC6: no own or purpose-built dialogue system
A4: N7 | B4: Excluded IC7: not evaluated with human end users
A5: N8 | B5: Excluded IC8: no explicit counselling/helping approach
A6: N9 | B6: Excluded IC9: no intervention-outcome evaluation (Level-1 map only)
A7: N10 | B7: Excluded IC10: no comparator/control condition (Level-1 map only)
A8: DUP:Uxxxxx | B8: Duplicate record of another Unique ID
A9: LINK:Uxxxxx | B9: Secondary report of an included study (counted once as a study)
A10: Result codes | B10: Favours CDS = primary outcome favoured CDS over comparator; Mixed = some outcomes favoured; No difference = no between-group difference; Feasibility only = trial designed for feasibility
